Order Date,Shipment Date,Status,Delivery Date,"Order-to-Delivery, days","Price, EUR",Product ID,"Sum of Order, EUR",Qty ordered,Discount %,"Weight, kg",Delivery type,Premium?,Business?,Content rating,Date of creation,Category,Payment type
11/5/2021,11/6/2021,Delivered,11/6/2021,1,8.67,225850592,8.67,1,0.27,0.5,Courier,0,0,'36.25,9/21/2021,Container,Card
11/5/2021,11/6/2021,Delivered,11/6/2021,1,7.93,225848498,7.93,1,0.33,0.5,Courier,0,0,#N/A,#N/A,No data,Card
11/5/2021,11/6/2021,Delivered,11/8/2021,2,7.93,225848498,7.93,1,0.33,0.5,Courier,0,0,#N/A,#N/A,No data,Apple Pay
11/5/2021,11/6/2021,Delivered,11/12/2021,7,10.00,244299590,3.33,3,0.36,0.2,Pick-up Point,0,0,'65,10/8/2021,Holidays,Card
11/5/2021,11/6/2021,Delivered,11/7/2021,2,2.65,182569295,2.65,1,0.49,0.1,Pick-up Point,0,0,'51.25,7/23/2020,Journal,Card
11/5/2021,11/6/2021,Delivered,11/8/2021,3,3.33,202528585,3.33,1,0.55,0.1,Pick-up Point,0,0,'65,8/14/2021,Paper,Card
11/5/2021,11/6/2021,Delivered,11/8/2021,3,3.87,251169005,3.87,1,0.51,0.1,Pick-up Point,0,0,'68.75,4/7/2021,Stationary,Card
11/5/2021,11/6/2021,Delivered,11/8/2021,3,3.87,251169005,3.87,1,0.51,0.1,Courier,0,0,'68.75,4/7/2021,Stationary,Card
11/5/2021,11/6/2021,Delivered,11/7/2021,2,7.93,225848498,7.93,1,0.33,0.5,Courier,0,0,#N/A,#N/A,No data,Card
11/5/2021,11/5/2021,Delivered,11/7/2021,2,3.96,199519914,3.96,1,0.6,1.1,Pick-up Point,0,0,'40,6/24/2020,Decoration,Card
11/5/2021,11/6/2021,Delivered,11/7/2021,2,6.28,191684958,6.28,1,0.45,0.2,Pick-up Point,0,0,'61.25,8/30/2020,Stationary,Apple Pay
11/5/2021,11/6/2021,Delivered,11/8/2021,3,7.93,225848498,7.93,1,0.33,0.5,Pick-up Point,1,0,#N/A,#N/A,No data,Card
11/5/2021,11/6/2021,Delivered,11/10/2021,5,3.13,219896042,3.13,1,0.47,0.1,Courier,1,0,'57.5,9/11/2021,Sewing,Apple Pay
11/5/2021,11/5/2021,Delivered,11/7/2021,2,7.93,225850168,7.93,1,0.33,0.5,Pick-up Point,0,0,#N/A,#N/A,No data,Google Pay
11/5/2021,11/5/2021,Delivered,11/7/2021,2,3.91,262011691,3.91,1,0.47,0.1,Pick-up Point,0,0,'46.25,10/25/2021,Holidays,Card
11/5/2021,11/6/2021,Delivered,11/10/2021,5,3.37,260502299,3.37,1,0.37,0.3,Pick-up Point,0,0,#N/A,#N/A,No data,Card
11/5/2021,11/5/2021,Delivered,11/6/2021,1,3.87,251169005,3.87,1,0.51,0.1,Courier,1,0,'68.75,4/7/2021,Stationary,Card
11/5/2021,11/6/2021,Delivered,11/8/2021,3,7.93,225848498,7.93,1,0.33,0.5,Pick-up Point,0,0,#N/A,#N/A,No data,Card
11/5/2021,11/6/2021,Delivered,11/10/2021,5,6.28,191684958,6.28,1,0.45,0.2,Pick-up Point,0,0,'61.25,8/30/2020,Stationary,Card
11/5/2021,11/6/2021,Delivered,11/7/2021,2,3.96,199519914,3.96,1,0.6,1.1,Courier,0,0,'40,6/24/2020,Decoration,Card
11/5/2021,11/6/2021,Delivered,11/7/2021,2,3.37,260281519,3.37,1,0.35,0.1,Pick-up Point,0,0,'40,10/22/2021,Stationary,Card
11/5/2021,11/10/2021,Delivered,11/12/2021,7,6.28,191684958,6.28,1,0.45,0.2,Courier,0,0,'61.25,8/30/2020,Stationary,Card
11/5/2021,11/5/2021,Delivered,11/8/2021,3,3.09,219948104,3.09,1,0.41,0.1,Pick-up Point,0,0,'30,9/12/2021,Sticker,Card
11/5/2021,11/6/2021,Delivered,11/7/2021,2,2.65,249846004,2.65,1,0.55,0.2,Pick-up Point,0,0,'45,4/4/2021,Paper,Card
11/5/2021,11/5/2021,Delivered,11/8/2021,3,2.65,249846004,2.65,1,0.55,0.2,Pick-up box,0,0,'45,4/4/2021,Paper,Apple Pay
11/5/2021,11/5/2021,Delivered,11/6/2021,1,3.65,219921682,3.65,1,0.31,0.1,Pick-up Point,0,0,'70,9/12/2021,Study,Google Pay
11/5/2021,11/5/2021,Delivered,11/6/2021,1,3.09,219948104,3.09,1,0.41,0.1,Pick-up Point,0,0,'30,9/12/2021,Sticker,Card
11/5/2021,11/6/2021,Delivered,11/12/2021,7,4.76,251029409,1.59,3,0.76,0.1,Courier,1,0,'35,10/13/2021,Sticker,Card
11/5/2021,11/5/2021,Delivered,11/9/2021,4,3.09,219948104,3.09,1,0.41,0.1,Pick-up Point,1,0,'30,9/12/2021,Sticker,Card
11/5/2021,11/6/2021,Delivered,11/12/2021,7,4.67,265265694,4.67,1,0.29,0.8,Pick-up Point,0,0,'40,10/27/2021,Stationary,Google Pay
11/5/2021,11/6/2021,Delivered,11/9/2021,4,7.93,225848498,7.93,1,0.33,0.5,Pick-up Point,0,0,#N/A,#N/A,No data,Google Pay
11/5/2021,11/6/2021,Delivered,11/8/2021,3,3.87,251169005,3.87,1,0.51,0.1,Pick-up Point,1,0,'68.75,4/7/2021,Stationary,Card
11/5/2021,11/5/2021,Delivered,11/9/2021,4,3.87,251169005,3.87,1,0.51,0.1,Pick-up Point,0,0,'68.75,4/7/2021,Stationary,Card
11/5/2021,11/6/2021,Delivered,11/6/2021,2,3.37,260281519,3.37,1,0.35,0.1,Pick-up Point,0,0,'40,10/22/2021,Stationary,Card
11/5/2021,11/6/2021,Cancelled,,-44505,7.93,225848498,7.93,1,0.33,0.5,Pick-up Point,0,0,#N/A,#N/A,No data,Card
11/4/2021,11/5/2021,Delivered,11/9/2021,5,3.87,251169005,3.87,1,0.51,0.1,Pick-up Point,0,0,'68.75,4/7/2021,Stationary,Card
11/4/2021,11/5/2021,Delivered,11/6/2021,2,8.67,225850592,8.67,1,0.27,0.5,Pick-up Point,0,0,'36.25,9/21/2021,Container,Card
11/4/2021,11/5/2021,Delivered,11/6/2021,2,5.87,209488909,5.87,1,0.56,0.6,Pick-up Point,0,0,'40,11/17/2020,Stationary,Card
11/4/2021,11/5/2021,Delivered,11/7/2021,2,10.12,260281519,3.37,3,0.35,0.2,Pick-up Point,0,0,'40,10/22/2021,Stationary,Card
11/4/2021,11/5/2021,Delivered,11/6/2021,2,3.13,219896042,3.13,1,0.47,0.1,Pick-up Point,0,0,'57.5,9/11/2021,Sewing,Card
11/4/2021,11/6/2021,Delivered,11/8/2021,4,2.65,182569295,2.65,1,0.49,0.1,Courier,0,0,'51.25,7/23/2020,Journal,Apple Pay
11/4/2021,11/4/2021,Delivered,11/9/2021,5,3.33,204942825,3.33,1,0.58,0.1,Pick-up Point,0,0,'45,8/13/2021,Paper,Card
11/4/2021,11/5/2021,Delivered,11/6/2021,2,3.87,251169005,3.87,1,0.51,0.1,Pick-up Point,0,0,'68.75,4/7/2021,Stationary,Card
11/4/2021,11/5/2021,Delivered,11/6/2021,2,3.13,219896042,3.13,1,0.47,0.1,Pick-up Point,0,0,'57.5,9/11/2021,Sewing,Apple Pay
11/4/2021,11/8/2021,Delivered,11/9/2021,5,8.56,206052892,2.85,3,0.64,0.3,Courier,1,0,'45,8/18/2021,Paper,Card
11/4/2021,11/5/2021,Delivered,11/8/2021,4,7.93,225848498,7.93,1,0.33,0.5,Pick-up Point,0,0,#N/A,#N/A,No data,Card
11/4/2021,11/5/2021,Delivered,11/9/2021,5,2.65,249846004,2.65,1,0.55,0.2,Pick-up Point,0,0,'45,4/4/2021,Paper,Card
11/4/2021,11/5/2021,Delivered,11/12/2021,8,3.87,251169005,3.87,1,0.51,0.1,Pick-up Point,0,0,'68.75,4/7/2021,Stationary,Card
11/4/2021,11/4/2021,Delivered,11/5/2021,1,8.67,225850592,8.67,1,0.27,0.5,Courier,0,0,'36.25,9/21/2021,Container,Card
11/4/2021,11/5/2021,Delivered,11/9/2021,5,7.93,225850168,7.93,1,0.33,0.5,Pick-up Point,0,0,#N/A,#N/A,No data,Card
11/4/2021,11/5/2021,Delivered,11/9/2021,5,3.87,251169005,3.87,1,0.51,0.1,Pick-up Point,0,0,'68.75,4/7/2021,Stationary,Card
11/4/2021,11/4/2021,Delivered,11/5/2021,1,3.93,249910406,3.93,1,0.46,0.2,Pick-up Point,0,0,'25,4/4/2021,Paper,Card
11/4/2021,11/5/2021,Delivered,11/7/2021,3,2.65,182569295,2.65,1,0.49,0.1,Pick-up Point,0,0,'51.25,7/23/2020,Journal,Card
11/4/2021,11/4/2021,Cancelled,,-44504,3.93,249910406,3.93,1,0.46,0.2,Pick-up Point,0,0,'25,4/4/2021,Paper,Card
11/4/2021,11/4/2021,Delivered,11/5/2021,1,13.13,198486522,13.13,1,0.27,0.7,Courier,0,0,'46.25,9/26/2020,Paper,Card
11/4/2021,11/4/2021,Delivered,11/6/2021,2,6.28,191684958,6.28,1,0.45,0.2,Pick-up Point,0,0,'61.25,8/30/2020,Stationary,Apple Pay
11/4/2021,11/4/2021,Delivered,11/7/2021,3,2.65,182569295,2.65,1,0.49,0.1,Pick-up Point,0,0,'51.25,7/23/2020,Journal,Google Pay
11/4/2021,11/4/2021,Cancelled,,-44504,3.65,219921682,3.65,1,0.31,0.1,Pick-up Point,0,0,'70,9/12/2021,Study,Card
11/4/2021,11/5/2021,Delivered,11/7/2021,3,3.87,251169005,3.87,1,0.51,0.1,Pick-up Point,0,0,'68.75,4/7/2021,Stationary,Card
11/4/2021,11/5/2021,Delivered,11/6/2021,2,5.87,249919089,5.87,1,0.25,0.2,Courier,0,0,#N/A,#N/A,No data,Card
11/4/2021,11/4/2021,Delivered,11/6/2021,2,2.65,249846004,2.65,1,0.55,0.2,Pick-up Point,0,0,'45,4/4/2021,Paper,Card
11/4/2021,11/4/2021,Delivered,11/7/2021,3,3.91,249919188,3.91,1,0.51,0.2,Pick-up Point,0,0,'40,4/4/2021,Paper,Apple Pay
11/4/2021,11/4/2021,Delivered,11/5/2021,1,3.33,204942825,3.33,1,0.58,0.1,Pick-up Point,0,0,'45,8/13/2021,Paper,Card
11/4/2021,11/4/2021,Delivered,11/13/2021,9,3.87,251169005,3.87,1,0.51,0.1,Pick-up Point,0,0,'68.75,4/7/2021,Stationary,Card
11/4/2021,11/4/2021,Delivered,11/9/2021,5,6.53,184250194,6.53,1,0.11,0.5,Pick-up Point,1,0,#N/A,#N/A,No data,Card
11/3/2021,11/4/2021,Delivered,11/5/2021,2,3.87,251169005,3.87,1,0.51,0.1,Pick-up Point,0,0,'68.75,4/7/2021,Stationary,Card
11/3/2021,11/4/2021,Delivered,11/6/2021,3,13.13,198486522,13.13,1,0.27,0.7,Pick-up Point,1,0,'46.25,9/26/2020,Paper,Card
11/3/2021,11/4/2021,Delivered,11/8/2021,5,3.87,251169005,3.87,1,0.51,0.1,Pick-up Point,0,0,'68.75,4/7/2021,Stationary,Card
11/3/2021,11/8/2021,Cancelled,,-44504,3.33,219899101,3.33,1,0.49,0.1,Courier,0,0,'41.25,9/11/2021,Sticker,Card
11/3/2021,11/4/2021,Delivered,11/5/2021,2,3.87,251169005,3.87,1,0.51,0.1,Pick-up Point,0,0,'68.75,4/7/2021,Stationary,Card
11/3/2021,11/6/2021,Delivered,11/8/2021,5,3.68,251169005,3.68,1,0.52,0.1,Courier,1,0,'68.75,4/7/2021,Stationary,Card
11/3/2021,11/4/2021,Delivered,11/8/2021,5,2.65,249846004,2.65,1,0.55,0.2,Pick-up Point,0,0,'45,4/4/2021,Paper,Card
11/3/2021,11/4/2021,Delivered,11/7/2021,4,3.87,219925820,3.87,1,0.34,0.4,Pick-up Point,0,0,'60,9/11/2021,Study,Card
11/3/2021,11/3/2021,Delivered,11/4/2021,1,2.65,182569295,2.65,1,0.49,0.1,Pick-up Point,0,0,'51.25,7/23/2020,Journal,Card
11/3/2021,11/4/2021,Delivered,11/8/2021,5,3.87,251169005,3.87,1,0.51,0.1,Pick-up Point,0,0,'68.75,4/7/2021,Stationary,Card
11/3/2021,11/4/2021,Delivered,11/8/2021,5,2.65,249846004,2.65,1,0.55,0.2,Pick-up Point,0,0,'45,4/4/2021,Paper,Card
11/3/2021,11/3/2021,Delivered,11/4/2021,1,3.87,251169005,3.87,1,0.51,0.1,Pick-up Point,0,0,'68.75,4/7/2021,Stationary,Card
11/3/2021,11/4/2021,Delivered,11/9/2021,6,3.91,262011691,3.91,1,0.47,0.1,Pick-up Point,1,0,'46.25,10/25/2021,Holidays,Card
11/3/2021,11/4/2021,Cancelled,,-44504,2.65,182569295,2.65,1,0.49,0.1,Pick-up Point,0,0,'51.25,7/23/2020,Journal,Apple Pay
11/3/2021,11/3/2021,Delivered,11/4/2021,1,13.13,198486522,13.13,1,0.27,0.7,Pick-up Point,0,0,'46.25,9/26/2020,Paper,Card
11/3/2021,11/9/2021,Delivered,11/10/2021,7,3.87,251169005,3.87,1,0.51,0.1,Courier,0,0,'68.75,4/7/2021,Stationary,Card
11/3/2021,11/3/2021,Delivered,11/6/2021,3,3.13,219896042,3.13,1,0.47,0.1,Pick-up Point,1,0,'57.5,9/11/2021,Sewing,Apple Pay
11/3/2021,11/4/2021,Delivered,11/9/2021,6,2.65,249846004,2.65,1,0.55,0.2,Pick-up Point,0,0,'45,4/4/2021,Paper,Card
11/3/2021,11/3/2021,Delivered,11/8/2021,5,4.67,184262641,4.67,1,0.41,0.5,Pick-up Point,0,0,'10,7/29/2020,Paper,Apple Pay
11/3/2021,11/4/2021,Delivered,11/6/2021,3,5.00,265292051,5.00,1,0.32,0.3,Pick-up Point,0,0,#N/A,#N/A,No data,Card
11/3/2021,11/4/2021,Delivered,11/6/2021,3,3.87,251169005,3.87,1,0.51,0.1,Pick-up Point,0,0,'68.75,4/7/2021,Stationary,Apple Pay
11/3/2021,11/4/2021,Delivered,11/9/2021,6,3.87,251169005,3.87,1,0.51,0.1,Pick-up Point,0,0,'68.75,4/7/2021,Stationary,Card
11/3/2021,11/4/2021,Delivered,11/6/2021,3,7.93,225850168,7.93,1,0.33,0.5,Pick-up Point,0,0,#N/A,#N/A,No data,Google Pay
11/3/2021,11/4/2021,Delivered,11/8/2021,5,3.87,251169005,3.87,1,0.51,0.1,Pick-up Point,0,0,'68.75,4/7/2021,Stationary,Apple Pay
11/3/2021,11/4/2021,Delivered,11/6/2021,3,5.87,209488909,5.87,1,0.56,0.6,Pick-up Point,0,0,'40,11/17/2020,Stationary,Apple Pay
11/3/2021,11/3/2021,Delivered,11/4/2021,1,13.13,198486522,13.13,1,0.27,0.7,Pick-up Point,0,0,'46.25,9/26/2020,Paper,Google Pay
11/3/2021,11/4/2021,Delivered,11/7/2021,4,3.68,251169005,3.68,1,0.52,0.1,Pick-up Point,1,0,'68.75,4/7/2021,Stationary,Card
11/3/2021,11/5/2021,Delivered,11/6/2021,3,3.65,219921682,3.65,1,0.31,0.1,Courier,0,0,'70,9/12/2021,Study,Apple Pay
11/3/2021,11/4/2021,Delivered,11/8/2021,5,3.99,241909946,3.99,1,0.29,0.3,Pick-up Point,0,0,'5,3/16/2021,House & Garden,Apple Pay
11/3/2021,11/3/2021,Delivered,11/4/2021,1,3.87,251169005,3.87,1,0.51,0.1,Pick-up Point,0,0,'68.75,4/7/2021,Stationary,Card
11/3/2021,11/6/2021,Cancelled,,-44503,3.91,262011691,3.91,1,0.47,0.1,Courier,0,0,'46.25,10/25/2021,Holidays,Card
11/3/2021,11/3/2021,Delivered,11/5/2021,2,3.17,219899101,3.17,1,0.5,0.1,Pick-up Point,1,0,'41.25,9/11/2021,Sticker,Card
11/3/2021,11/4/2021,Delivered,11/5/2021,2,3.87,251169005,3.87,1,0.51,0.1,Courier,0,0,'68.75,4/7/2021,Stationary,Apple Pay
11/3/2021,11/4/2021,Delivered,11/9/2021,6,3.99,241909946,3.99,1,0.29,0.3,Pick-up Point,0,0,'5,3/16/2021,House & Garden,Card
11/3/2021,11/6/2021,Delivered,11/8/2021,5,3.65,219921682,3.65,1,0.31,0.1,Pick-up Point,0,0,'70,9/12/2021,Study,Card
11/3/2021,11/3/2021,Delivered,11/8/2021,5,2.65,249846004,2.65,1,0.55,0.2,Pick-up Point,0,0,'45,4/4/2021,Paper,Card
11/3/2021,11/4/2021,Delivered,11/7/2021,4,5.32,222204429,5.32,1,0.53,0.4,Pick-up Point,0,0,#N/A,#N/A,No data,Card
11/3/2021,11/4/2021,Cancelled,,-44503,3.93,249910406,3.93,1,0.46,0.2,Courier,0,0,'25,4/4/2021,Paper,Card
11/3/2021,11/3/2021,Delivered,11/4/2021,2,3.99,241909946,3.99,1,0.29,0.3,Pick-up Point,0,0,'5,3/16/2021,House & Garden,Card
11/2/2021,11/3/2021,Delivered,11/4/2021,2,2.65,182569295,2.65,1,0.49,0.1,Pick-up Point,0,0,'51.25,7/23/2020,Journal,Card
11/2/2021,11/3/2021,Delivered,11/5/2021,3,13.13,198486522,13.13,1,0.27,0.7,Pick-up Point,0,0,'46.25,9/26/2020,Paper,Card
11/2/2021,11/3/2021,Delivered,11/7/2021,4,7.93,225850168,7.93,1,0.33,0.5,Courier,0,0,#N/A,#N/A,No data,Apple Pay
11/2/2021,11/3/2021,Delivered,11/5/2021,3,3.87,251169005,3.87,1,0.51,0.1,Courier,0,0,'68.75,4/7/2021,Stationary,Card
11/2/2021,11/4/2021,Delivered,11/8/2021,6,7.87,249910406,3.93,2,0.46,0.4,Pick-up Point,0,0,'25,4/4/2021,Paper,Apple Pay
11/2/2021,11/3/2021,Delivered,11/6/2021,4,3.87,251169005,3.87,1,0.51,0.1,Pick-up Point,0,0,'68.75,4/7/2021,Stationary,Card
11/2/2021,11/3/2021,Delivered,11/6/2021,4,3.33,219894852,3.33,1,0.36,0.1,Pick-up Point,0,0,'30,9/11/2021,Sticker,Digital
11/2/2021,,Cancelled,,-44503,3.99,241909946,3.99,1,0.29,0.3,Pick-up Point,0,0,'5,3/16/2021,House & Garden,Card
11/2/2021,11/3/2021,Delivered,11/6/2021,4,2.65,249846004,2.65,1,0.55,0.2,Pick-up Point,0,0,'45,4/4/2021,Paper,Card
11/2/2021,11/5/2021,Delivered,11/10/2021,8,4.67,228251902,4.67,1,0.41,0.1,Courier,0,0,'40,10/1/2021,Stationary,Card
11/2/2021,11/3/2021,Delivered,11/4/2021,2,3.87,251169005,3.87,1,0.51,0.1,Pick-up Point,0,0,'68.75,4/7/2021,Stationary,Card
11/2/2021,11/3/2021,Delivered,11/9/2021,7,3.99,241909946,3.99,1,0.29,0.3,Pick-up Point,0,0,'5,3/16/2021,House & Garden,Google Pay
11/2/2021,11/3/2021,Delivered,11/4/2021,2,6.67,206052892,3.33,2,0.58,0.2,Courier,0,0,'45,8/18/2021,Paper,Card
11/2/2021,11/2/2021,Delivered,11/4/2021,2,2.65,249846004,2.65,1,0.55,0.2,Pick-up Point,0,0,'45,4/4/2021,Paper,Card
11/2/2021,11/3/2021,Delivered,11/5/2021,3,11.96,241909946,3.99,3,0.29,1,Pick-up Point,0,0,'5,3/16/2021,House & Garden,Card
11/2/2021,11/2/2021,Delivered,11/4/2021,2,3.37,260281519,3.37,1,0.35,0.1,Pick-up Point,1,0,'40,10/22/2021,Stationary,Card
11/2/2021,11/7/2021,Delivered,11/7/2021,5,1.49,251029409,1.49,1,0.77,0,Courier,0,0,'35,10/13/2021,Sticker,Card
11/2/2021,11/3/2021,Delivered,11/5/2021,3,3.09,219949996,3.09,1,0.41,0.1,Pick-up Point,0,0,#N/A,#N/A,No data,Apple Pay
11/2/2021,11/3/2021,Delivered,11/9/2021,7,3.33,219899101,3.33,1,0.49,0.1,Pick-up Point,0,0,'41.25,9/11/2021,Sticker,Card
11/2/2021,11/2/2021,Delivered,11/3/2021,1,13.13,198486522,13.13,1,0.27,0.7,Pick-up Point,0,0,'46.25,9/26/2020,Paper,Card
11/2/2021,11/2/2021,Delivered,11/5/2021,3,3.99,241909946,3.99,1,0.29,0.3,Pick-up Point,0,0,'5,3/16/2021,House & Garden,Apple Pay
11/2/2021,11/2/2021,Delivered,11/7/2021,5,5.87,209488909,5.87,1,0.56,0.6,Pick-up Point,0,0,'40,11/17/2020,Stationary,Card
11/2/2021,11/2/2021,Delivered,11/4/2021,2,2.65,182569295,2.65,1,0.49,0.1,Pick-up Point,0,0,'51.25,7/23/2020,Journal,Card
11/2/2021,11/5/2021,Delivered,11/8/2021,6,3.99,241909946,3.99,1,0.29,0.3,Courier,0,0,'5,3/16/2021,House & Garden,Card
11/2/2021,11/3/2021,Delivered,11/6/2021,4,2.65,249846004,2.65,1,0.55,0.2,Pick-up Point,0,0,'45,4/4/2021,Paper,Google Pay
11/2/2021,11/3/2021,Delivered,11/8/2021,6,3.87,251169005,3.87,1,0.51,0.1,Pick-up Point,0,0,'68.75,4/7/2021,Stationary,Apple Pay
11/2/2021,11/3/2021,Delivered,11/6/2021,4,3.61,298265922,3.61,1,0.45,0.1,Pick-up Point,1,0,'25,6/22/2021,Study,Apple Pay
11/2/2021,11/3/2021,Delivered,11/4/2021,2,3.33,244299590,3.33,1,0.36,0.1,Pick-up Point,0,0,'65,10/8/2021,Holidays,Card
11/2/2021,11/3/2021,Delivered,11/5/2021,3,5.32,222841895,5.32,1,0.53,0.4,Courier,0,0,#N/A,#N/A,No data,Card
11/2/2021,11/3/2021,Delivered,11/6/2021,4,3.87,251169005,3.87,1,0.51,0.1,Courier,1,0,'68.75,4/7/2021,Stationary,Google Pay
11/2/2021,11/3/2021,Delivered,11/7/2021,5,7.93,225848498,7.93,1,0.33,0.5,Pick-up Point,0,0,#N/A,#N/A,No data,Card
11/2/2021,11/3/2021,Delivered,11/7/2021,5,3.65,219921682,3.65,1,0.31,0.1,Pick-up Point,0,0,'70,9/12/2021,Study,Card
11/2/2021,11/3/2021,Delivered,11/6/2021,4,3.87,251169005,3.87,1,0.51,0.1,Pick-up Point,1,0,'68.75,4/7/2021,Stationary,Apple Pay
11/2/2021,11/6/2021,Cancelled,,-44502,8.67,225850592,8.67,1,0.27,0.5,Courier,0,0,'36.25,9/21/2021,Container,Apple Pay
11/2/2021,11/3/2021,Delivered,11/7/2021,5,3.99,241909946,3.99,1,0.29,0.3,Pick-up Point,0,0,'5,3/16/2021,House & Garden,Apple Pay
11/2/2021,11/4/2021,Delivered,11/6/2021,4,3.87,251169005,3.87,1,0.51,0.1,Courier,1,0,'68.75,4/7/2021,Stationary,Card
11/2/2021,11/3/2021,Delivered,11/10/2021,8,2.65,249846004,2.65,1,0.55,0.2,Pick-up Point,0,0,'45,4/4/2021,Paper,Apple Pay
11/2/2021,11/3/2021,Delivered,11/7/2021,5,2.65,249846004,2.65,1,0.55,0.2,Pick-up Point,0,0,'45,4/4/2021,Paper,Card
11/2/2021,11/2/2021,Delivered,11/7/2021,5,3.99,241909946,3.99,1,0.29,0.3,Pick-up Point,0,0,'5,3/16/2021,House & Garden,Card
11/2/2021,11/3/2021,Delivered,11/8/2021,6,2.65,249846004,2.65,1,0.55,0.2,Pick-up Point,0,0,'45,4/4/2021,Paper,Card
11/2/2021,11/2/2021,Delivered,11/5/2021,3,8.67,225850592,8.67,1,0.27,0.5,Pick-up Point,1,0,'36.25,9/21/2021,Container,Card
11/2/2021,11/2/2021,Delivered,11/5/2021,3,7.93,225848498,7.93,1,0.33,0.5,Pick-up Point,1,0,#N/A,#N/A,No data,Card
11/2/2021,11/3/2021,Delivered,11/8/2021,6,2.65,249846004,2.65,1,0.55,0.2,Pick-up Point,0,0,'45,4/4/2021,Paper,Card
11/2/2021,11/2/2021,Delivered,11/5/2021,3,2.65,249846004,2.65,1,0.55,0.2,Pick-up Point,1,0,'45,4/4/2021,Paper,Card
11/2/2021,11/3/2021,Delivered,11/5/2021,3,3.33,219895099,3.33,1,0.49,0.1,Pick-up Point,0,0,'41.25,9/11/2021,Sticker,Credit
11/2/2021,11/2/2021,Delivered,11/5/2021,3,3.87,251169005,3.87,1,0.51,0.1,Pick-up Point,0,0,'68.75,4/7/2021,Stationary,Card
11/2/2021,11/6/2021,Delivered,11/8/2021,6,3.33,204942825,3.33,1,0.58,0.1,Courier,0,0,'45,8/13/2021,Paper,Card
11/2/2021,11/3/2021,Delivered,11/5/2021,3,3.65,219921682,3.65,1,0.31,0.1,Pick-up Point,0,0,'70,9/12/2021,Study,Card
11/2/2021,11/6/2021,Delivered,11/11/2021,9,2.65,249846004,2.65,1,0.55,0.2,Pick-up Point,0,0,'45,4/4/2021,Paper,Card
11/2/2021,11/2/2021,Delivered,11/6/2021,4,2.65,182569295,2.65,1,0.49,0.1,Pick-up Point,0,0,'51.25,7/23/2020,Journal,Card
11/2/2021,11/2/2021,Delivered,11/4/2021,3,3.87,251169005,3.87,1,0.51,0.1,Pick-up Point,0,0,'68.75,4/7/2021,Stationary,Card
11/1/2021,11/2/2021,Delivered,11/2/2021,1,3.99,241909946,3.99,1,0.29,0.3,Courier,0,0,'5,3/16/2021,House & Garden,Card
11/1/2021,11/2/2021,Delivered,11/7/2021,6,6.28,191684958,6.28,1,0.45,0.2,Pick-up Point,0,0,'61.25,8/30/2020,Stationary,Apple Pay
11/1/2021,11/5/2021,Delivered,11/5/2021,4,3.87,251169005,3.87,1,0.51,0.1,Courier,1,0,'68.75,4/7/2021,Stationary,Card
11/1/2021,11/3/2021,Delivered,11/4/2021,3,3.87,251169005,3.87,1,0.51,0.1,Courier,1,0,'68.75,4/7/2021,Stationary,Card
11/1/2021,11/2/2021,Delivered,11/9/2021,8,3.13,219896042,3.13,1,0.47,0.1,Pick-up Point,0,0,'57.5,9/11/2021,Sewing,Card
11/1/2021,11/5/2021,Delivered,11/7/2021,6,3.91,262011691,3.91,1,0.47,0.1,Courier,0,0,'46.25,10/25/2021,Holidays,Card
11/1/2021,11/1/2021,Delivered,11/2/2021,1,3.13,219896042,3.13,1,0.47,0.1,Courier,1,0,'57.5,9/11/2021,Sewing,Apple Pay
11/1/2021,11/1/2021,Delivered,11/2/2021,1,2.65,182569295,2.65,1,0.49,0.1,Pick-up Point,0,0,'51.25,7/23/2020,Journal,Card
11/1/2021,11/2/2021,Delivered,11/9/2021,7,3.91,262011691,3.91,1,0.47,0.1,Pick-up Point,0,0,'46.25,10/25/2021,Holidays,Card
11/1/2021,11/1/2021,Delivered,11/2/2021,1,2.60,219546494,2.60,1,0.6,0.1,Pick-up Point,0,0,'56.25,9/8/2021,Stationary,Card
11/1/2021,11/2/2021,Delivered,11/4/2021,3,3.61,298265922,3.61,1,0.45,0.1,Pick-up Point,0,0,'25,6/22/2021,Study,Card
11/1/2021,11/2/2021,Delivered,11/3/2021,2,3.09,219948104,3.09,1,0.41,0.1,Pick-up Point,1,0,'30,9/12/2021,Sticker,Card
11/1/2021,11/2/2021,Delivered,11/3/2021,2,3.87,251169005,3.87,1,0.51,0.1,Courier,0,0,'68.75,4/7/2021,Stationary,Apple Pay
11/1/2021,11/2/2021,Delivered,11/6/2021,5,3.87,251169005,3.87,1,0.51,0.1,Pick-up Point,0,0,'68.75,4/7/2021,Stationary,Card
11/1/2021,11/2/2021,Delivered,11/5/2021,4,3.87,251169005,3.87,1,0.51,0.1,Pick-up Point,0,0,'68.75,4/7/2021,Stationary,Card
11/1/2021,11/2/2021,Delivered,11/7/2021,6,2.65,249846004,2.65,1,0.55,0.2,Pick-up Point,0,0,'45,4/4/2021,Paper,Card
11/1/2021,11/2/2021,Delivered,11/6/2021,5,3.87,251169005,3.87,1,0.51,0.1,Pick-up Point,1,0,'68.75,4/7/2021,Stationary,Card
11/1/2021,11/2/2021,Delivered,11/4/2021,3,3.33,202528585,3.33,1,0.55,0.1,Pick-up Point,0,0,'65,8/14/2021,Paper,Card
11/1/2021,11/2/2021,Delivered,11/3/2021,2,3.99,241909946,3.99,1,0.29,0.3,Courier,0,0,'5,3/16/2021,House & Garden,Card
11/1/2021,11/1/2021,Delivered,11/6/2021,5,3.33,244299590,3.33,1,0.36,0.1,Pick-up Point,0,0,'65,10/8/2021,Holidays,Card
11/1/2021,11/2/2021,Delivered,11/3/2021,2,3.65,219921682,3.65,1,0.31,0.1,Pick-up Point,0,0,'70,9/12/2021,Study,Card
11/1/2021,11/1/2021,Delivered,11/4/2021,3,7.97,241909946,3.99,2,0.29,0.7,Pick-up Point,0,0,'5,3/16/2021,House & Garden,Card
11/1/2021,11/2/2021,Delivered,11/8/2021,7,5.87,209488909,5.87,1,0.56,0.6,Pick-up Point,0,0,'40,11/17/2020,Stationary,Card
11/1/2021,11/1/2021,Delivered,11/2/2021,1,6.28,191684958,6.28,1,0.45,0.2,Pick-up Point,0,0,'61.25,8/30/2020,Stationary,Card
11/1/2021,11/1/2021,Delivered,11/3/2021,2,3.99,241909946,3.99,1,0.29,0.3,Pick-up Point,0,0,'5,3/16/2021,House & Garden,Apple Pay
11/1/2021,11/2/2021,Delivered,11/3/2021,2,3.99,241909946,3.99,1,0.29,0.3,Pick-up Point,0,0,'5,3/16/2021,House & Garden,Card
11/1/2021,11/1/2021,Delivered,11/3/2021,2,3.99,241909946,3.99,1,0.29,0.3,Pick-up Point,0,0,'5,3/16/2021,House & Garden,Card
11/1/2021,11/5/2021,Delivered,11/6/2021,5,4.67,260449582,4.67,1,0.36,0.1,Courier,0,0,#N/A,#N/A,No data,Card
11/1/2021,11/1/2021,Delivered,11/2/2021,1,13.13,198486522,13.13,1,0.27,0.7,Pick-up Point,0,0,'46.25,9/26/2020,Paper,Card
11/1/2021,11/1/2021,Delivered,11/6/2021,5,2.65,182569295,2.65,1,0.49,0.1,Pick-up Point,0,0,'51.25,7/23/2020,Journal,Card
11/1/2021,11/1/2021,Delivered,11/4/2021,3,2.65,182569295,2.65,1,0.49,0.1,Pick-up Point,0,0,'51.25,7/23/2020,Journal,Card
11/1/2021,11/2/2021,Delivered,11/3/2021,2,4.67,265292295,4.67,1,0.29,0.1,Pick-up Point,0,0,#N/A,#N/A,No data,Card
11/1/2021,11/2/2021,Delivered,11/4/2021,3,3.99,241909946,3.99,1,0.29,0.3,Courier,0,0,'5,3/16/2021,House & Garden,Card
11/1/2021,11/1/2021,Delivered,11/2/2021,1,3.33,204942825,3.33,1,0.58,0.1,Pick-up Point,0,0,'45,8/13/2021,Paper,Card
11/1/2021,11/1/2021,Delivered,11/5/2021,4,3.13,219896042,3.13,1,0.47,0.1,Pick-up Point,0,0,'57.5,9/11/2021,Sewing,Card
11/1/2021,11/2/2021,Delivered,11/3/2021,2,2.65,249846004,2.65,1,0.55,0.2,Courier,0,0,'45,4/4/2021,Paper,Apple Pay
11/1/2021,11/1/2021,Delivered,11/2/2021,1,2.65,182569295,2.65,1,0.49,0.1,Pick-up Point,0,0,'51.25,7/23/2020,Journal,Card
11/1/2021,11/1/2021,Delivered,11/2/2021,1,3.99,241909946,3.99,1,0.29,0.3,Courier,1,0,'5,3/16/2021,House & Garden,Card
11/1/2021,11/1/2021,Delivered,11/4/2021,3,7.97,202528584,3.99,2,0.57,0.2,Pick-up Point,0,0,'40,8/14/2021,Paper,Card
10/31/2021,11/1/2021,Delivered,11/3/2021,3,2.65,182569295,2.65,1,0.49,0.1,Pick-up Point,0,0,'51.25,7/23/2020,Journal,Card
10/31/2021,11/2/2021,Delivered,11/5/2021,5,7.97,241909946,3.99,2,0.29,0.7,Courier,0,0,'5,3/16/2021,House & Garden,Card
10/31/2021,11/1/2021,Delivered,11/2/2021,2,3.13,219896042,3.13,1,0.47,0.1,Pick-up Point,0,0,'57.5,9/11/2021,Sewing,Google Pay
10/31/2021,11/1/2021,Delivered,11/5/2021,5,3.99,241909946,3.99,1,0.29,0.3,Pick-up Point,0,0,'5,3/16/2021,House & Garden,Card
10/31/2021,11/1/2021,Delivered,11/1/2021,1,3.99,241909946,3.99,1,0.29,0.3,Pick-up Point,0,0,'5,3/16/2021,House & Garden,Card
10/31/2021,11/1/2021,Delivered,11/8/2021,8,3.13,219896042,3.13,1,0.47,0.1,Pick-up Point,1,0,'57.5,9/11/2021,Sewing,Card
10/31/2021,11/2/2021,Delivered,11/3/2021,3,2.65,249846004,2.65,1,0.55,0.2,Pick-up Point,0,0,'45,4/4/2021,Paper,Card
10/31/2021,11/2/2021,Delivered,11/4/2021,4,3.99,241909946,3.99,1,0.29,0.3,Pick-up Point,0,0,'5,3/16/2021,House & Garden,Card
10/31/2021,11/3/2021,Delivered,11/8/2021,8,3.96,199519914,3.96,1,0.6,1.1,Courier,0,0,'40,6/24/2020,Decoration,Card
10/31/2021,10/31/2021,Delivered,11/1/2021,1,3.99,241909946,3.99,1,0.29,0.3,Pick-up Point,1,0,'5,3/16/2021,House & Garden,Card
10/31/2021,10/31/2021,Delivered,11/1/2021,1,3.13,219896042,3.13,1,0.47,0.1,Pick-up Point,0,0,'57.5,9/11/2021,Sewing,Card
10/31/2021,10/31/2021,Delivered,11/2/2021,2,2.65,182569295,2.65,1,0.49,0.1,Pick-up Point,0,0,'51.25,7/23/2020,Journal,Card
10/31/2021,11/1/2021,Delivered,11/2/2021,2,7.55,225850168,7.55,1,0.34,0.5,Pick-up Point,1,0,#N/A,#N/A,No data,Card
10/31/2021,11/1/2021,Delivered,11/5/2021,5,3.33,202528585,3.33,1,0.55,0.1,Pick-up Point,0,0,'65,8/14/2021,Paper,Google Pay
10/31/2021,11/1/2021,Delivered,11/3/2021,3,3.33,202528585,3.33,1,0.55,0.1,Pick-up Point,0,0,'65,8/14/2021,Paper,Card
10/31/2021,10/31/2021,Delivered,11/2/2021,2,2.65,182569295,2.65,1,0.49,0.1,Pick-up Point,0,0,'51.25,7/23/2020,Journal,Card
10/31/2021,11/3/2021,Delivered,11/5/2021,5,3.99,241909946,3.99,1,0.29,0.3,Courier,1,0,'5,3/16/2021,House & Garden,Card
10/31/2021,11/1/2021,Delivered,11/3/2021,3,3.33,219899101,3.33,1,0.49,0.1,Pick-up Point,0,0,'41.25,9/11/2021,Sticker,Card
10/31/2021,11/1/2021,Delivered,11/2/2021,2,6.28,191684958,6.28,1,0.45,0.2,Pick-up Point,0,0,'61.25,8/30/2020,Stationary,Card
10/31/2021,11/1/2021,Delivered,11/2/2021,2,2.60,219546494,2.60,1,0.6,0.1,Pick-up Point,0,0,'56.25,9/8/2021,Stationary,Card
10/31/2021,11/1/2021,Delivered,11/6/2021,6,3.09,219948104,3.09,1,0.41,0.1,Pick-up Point,0,0,'30,9/12/2021,Sticker,Card
10/31/2021,,Cancelled,,-44500,2.60,219546494,2.60,1,0.6,0.1,Pick-up Point,0,0,'56.25,9/8/2021,Stationary,Card
10/31/2021,11/1/2021,Cancelled,,-44500,3.96,199519914,3.96,1,0.6,1.1,Pick-up Point,0,0,'40,6/24/2020,Decoration,Card
10/30/2021,10/31/2021,Delivered,11/1/2021,1,3.99,241909946,3.99,1,0.29,0.3,Courier,0,0,'5,3/16/2021,House & Garden,Card
10/30/2021,10/31/2021,Delivered,11/1/2021,2,3.99,241909946,3.99,1,0.29,0.3,Pick-up Point,0,0,'5,3/16/2021,House & Garden,Card
10/30/2021,10/31/2021,Delivered,11/1/2021,2,3.33,206052892,3.33,1,0.58,0.1,Courier,0,0,'45,8/18/2021,Paper,Apple Pay
10/30/2021,10/31/2021,Delivered,11/4/2021,5,5.32,222204429,5.32,1,0.53,0.4,Pick-up Point,0,0,#N/A,#N/A,No data,Google Pay
10/30/2021,10/30/2021,Delivered,10/31/2021,1,3.99,241909946,3.99,1,0.29,0.3,Courier,1,0,'5,3/16/2021,House & Garden,Card
10/30/2021,10/30/2021,Delivered,11/1/2021,2,2.65,182569295,2.65,1,0.49,0.1,Pick-up Point,0,0,'51.25,7/23/2020,Journal,Card
10/30/2021,10/31/2021,Delivered,11/3/2021,4,3.33,219908882,3.33,1,0.37,0.1,Pick-up Point,0,0,'30,9/11/2021,Sticker,Card
10/30/2021,10/31/2021,Delivered,11/2/2021,3,3.13,219896042,3.13,1,0.47,0.1,Pick-up Point,0,0,'57.5,9/11/2021,Sewing,Card
10/30/2021,11/1/2021,Delivered,11/1/2021,2,7.92,241909946,3.96,2,0.29,0.7,Pick-up Point,0,0,'5,3/16/2021,House & Garden,Google Pay
10/30/2021,10/30/2021,Delivered,11/1/2021,2,7.92,241909946,3.96,2,0.29,0.7,Pick-up Point,0,0,'5,3/16/2021,House & Garden,Card
10/30/2021,10/31/2021,Delivered,11/2/2021,3,2.65,249846004,2.65,1,0.55,0.2,Pick-up Point,0,0,'45,4/4/2021,Paper,Card
10/30/2021,10/31/2021,Delivered,11/2/2021,3,3.13,219948104,3.13,1,0.4,0.1,Courier,0,0,'30,9/12/2021,Sticker,Card
10/30/2021,10/30/2021,Delivered,10/31/2021,1,2.60,219546494,2.60,1,0.6,0.1,Pick-up Point,0,0,'56.25,9/8/2021,Stationary,Card
10/30/2021,10/31/2021,Delivered,11/1/2021,2,3.96,241909946,3.96,1,0.29,0.3,Pick-up Point,0,0,'5,3/16/2021,House & Garden,Google Pay
10/30/2021,11/1/2021,Delivered,11/3/2021,4,2.65,249846004,2.65,1,0.55,0.2,Courier,0,0,'45,4/4/2021,Paper,Card
10/30/2021,10/31/2021,Delivered,11/2/2021,3,3.96,241909946,3.96,1,0.29,0.3,Pick-up Point,0,0,'5,3/16/2021,House & Garden,Card
10/30/2021,10/30/2021,Delivered,11/3/2021,4,7.92,241909946,3.96,2,0.29,0.7,Pick-up Point,1,0,'5,3/16/2021,House & Garden,Card
10/29/2021,10/30/2021,Delivered,11/1/2021,3,2.65,249846004,2.65,1,0.55,0.2,Pick-up Point,0,0,'45,4/4/2021,Paper,Card
10/29/2021,10/30/2021,Delivered,11/1/2021,3,11.88,241909946,3.96,3,0.29,1,Pick-up box,0,0,'5,3/16/2021,House & Garden,Apple Pay
10/29/2021,10/29/2021,Delivered,10/31/2021,2,2.65,182569295,2.65,1,0.49,0.1,Pick-up Point,0,0,'51.25,7/23/2020,Journal,Card
10/29/2021,10/29/2021,Delivered,10/30/2021,1,2.60,219546494,2.60,1,0.6,0.1,Pick-up Point,0,0,'56.25,9/8/2021,Stationary,Card
10/29/2021,10/30/2021,Delivered,11/1/2021,3,3.33,219895099,3.33,1,0.49,0.1,Pick-up Point,0,0,'41.25,9/11/2021,Sticker,Card
10/29/2021,10/30/2021,Delivered,10/31/2021,2,3.13,219948104,3.13,1,0.4,0.1,Pick-up Point,0,0,'30,9/12/2021,Sticker,Card
10/29/2021,10/29/2021,Delivered,10/30/2021,1,6.28,191684958,6.28,1,0.45,0.2,Pick-up Point,0,0,'61.25,8/30/2020,Stationary,Card
10/29/2021,10/30/2021,Delivered,10/30/2021,1,3.96,241909946,3.96,1,0.29,0.3,Courier,0,0,'5,3/16/2021,House & Garden,Apple Pay
10/29/2021,10/30/2021,Delivered,11/1/2021,3,3.96,241909946,3.96,1,0.29,0.3,Pick-up Point,0,0,'5,3/16/2021,House & Garden,Card
10/29/2021,10/30/2021,Delivered,11/1/2021,3,3.96,241909946,3.96,1,0.29,0.3,Pick-up Point,0,0,'5,3/16/2021,House & Garden,Card
10/29/2021,10/30/2021,Delivered,11/6/2021,8,7.93,225850168,7.93,1,0.33,0.5,Pick-up Point,0,0,#N/A,#N/A,No data,Google Pay
10/29/2021,10/30/2021,Delivered,11/3/2021,5,3.93,219921682,3.93,1,0.26,0.1,Pick-up Point,0,0,'70,9/12/2021,Study,Card
10/29/2021,10/30/2021,Delivered,11/9/2021,11,3.33,202528585,3.33,1,0.55,0.1,Pick-up Point,0,1,'65,8/14/2021,Paper,Business account
10/29/2021,10/29/2021,Delivered,11/4/2021,6,3.87,219925820,3.87,1,0.34,0.4,Pick-up Point,0,0,'60,9/11/2021,Study,Card
10/29/2021,10/30/2021,Delivered,10/31/2021,2,3.96,241909946,3.96,1,0.29,0.3,Pick-up Point,0,0,'5,3/16/2021,House & Garden,Card
10/29/2021,10/30/2021,Delivered,11/1/2021,3,2.65,182569295,2.65,1,0.49,0.1,Pick-up Point,0,0,'51.25,7/23/2020,Journal,Card
10/29/2021,10/30/2021,Delivered,11/4/2021,6,3.87,219925820,3.87,1,0.34,0.4,Pick-up Point,0,0,'60,9/11/2021,Study,Card
10/29/2021,10/29/2021,Delivered,10/31/2021,2,26.53,182569295,2.65,10,0.49,1.4,Pick-up Point,0,0,'51.25,7/23/2020,Journal,Card
10/29/2021,11/3/2021,Delivered,11/9/2021,11,3.93,219921682,3.93,1,0.26,0.1,Courier,1,0,'70,9/12/2021,Study,Apple Pay
10/29/2021,10/30/2021,Delivered,11/2/2021,4,3.13,219949996,3.13,1,0.4,0.1,Pick-up box,0,0,#N/A,#N/A,No data,Card
10/29/2021,10/29/2021,Delivered,11/3/2021,5,3.96,241909946,3.96,1,0.29,0.3,Pick-up Point,0,0,'5,3/16/2021,House & Garden,Card
10/28/2021,10/29/2021,Delivered,11/1/2021,4,3.77,219925820,3.77,1,0.36,0.4,Pick-up Point,1,0,'60,9/11/2021,Study,Card
10/28/2021,10/29/2021,Delivered,11/1/2021,4,6.53,225895240,6.53,1,0.48,4,Pick-up Point,0,0,'55,1/28/2021,Stationary,Apple Pay
10/28/2021,10/29/2021,Delivered,10/30/2021,2,6.27,219896042,3.13,2,0.47,0.1,Pick-up Point,0,0,'57.5,9/11/2021,Sewing,Card
10/28/2021,10/29/2021,Delivered,10/31/2021,3,3.13,219949996,3.13,1,0.4,0.1,Pick-up Point,0,0,#N/A,#N/A,No data,Card
10/28/2021,10/29/2021,Delivered,11/4/2021,7,3.96,241909946,3.96,1,0.29,0.3,Pick-up Point,0,0,'5,3/16/2021,House & Garden,Google Pay
10/28/2021,10/29/2021,Delivered,11/3/2021,6,3.13,219948104,3.13,1,0.4,0.1,Pick-up Point,0,0,'30,9/12/2021,Sticker,Card
10/28/2021,11/2/2021,Delivered,11/3/2021,6,6.53,225895240,6.53,1,0.48,4,Courier,0,0,'55,1/28/2021,Stationary,Card
10/28/2021,11/2/2021,Delivered,11/3/2021,6,6.53,225895240,6.53,1,0.48,4,Courier,0,0,'55,1/28/2021,Stationary,Card
10/28/2021,10/29/2021,Delivered,10/31/2021,3,3.61,291090282,3.61,1,0.45,0.1,Pick-up Point,0,0,'31.25,6/3/2021,Study,Apple Pay
10/28/2021,10/30/2021,Delivered,10/31/2021,3,5.87,209488909,5.87,1,0.56,0.6,Pick-up Point,0,0,'40,11/17/2020,Stationary,Google Pay
10/28/2021,10/29/2021,Delivered,11/1/2021,4,3.96,241909946,3.96,1,0.29,0.3,Pick-up Point,0,0,'5,3/16/2021,House & Garden,Card
10/28/2021,10/28/2021,Delivered,10/29/2021,1,2.60,219546494,2.60,1,0.6,0.1,Pick-up Point,0,0,'56.25,9/8/2021,Stationary,Card
10/28/2021,10/29/2021,Delivered,11/5/2021,8,7.93,225850168,7.93,1,0.33,0.5,Pick-up Point,0,0,#N/A,#N/A,No data,Card
10/28/2021,10/29/2021,Delivered,10/31/2021,3,3.13,219896042,3.13,1,0.47,0.1,Pick-up Point,0,0,'57.5,9/11/2021,Sewing,Apple Pay
10/28/2021,10/29/2021,Delivered,10/30/2021,2,3.96,241909946,3.96,1,0.29,0.3,Pick-up Point,0,0,'5,3/16/2021,House & Garden,Card
10/28/2021,10/28/2021,Delivered,10/29/2021,1,5.87,209488909,5.87,1,0.56,0.6,Pick-up Point,0,0,'40,11/17/2020,Stationary,Card
10/28/2021,10/29/2021,Delivered,11/3/2021,6,5.87,209488909,5.87,1,0.56,0.6,Pick-up Point,0,0,'40,11/17/2020,Stationary,Card
10/28/2021,10/29/2021,Delivered,10/31/2021,3,3.61,291090282,3.61,1,0.45,0.1,Pick-up Point,0,0,'31.25,6/3/2021,Study,Card
10/28/2021,10/29/2021,Delivered,11/2/2021,5,2.65,182569295,2.65,1,0.49,0.1,Pick-up Point,0,0,'51.25,7/23/2020,Journal,Card
10/28/2021,10/29/2021,Delivered,11/1/2021,4,6.53,225895240,6.53,1,0.48,4,Pick-up Point,0,0,'55,1/28/2021,Stationary,Card
10/28/2021,10/28/2021,Delivered,10/29/2021,1,6.28,191684958,6.28,1,0.45,0.2,Pick-up Point,0,0,'61.25,8/30/2020,Stationary,Apple Pay
10/28/2021,10/29/2021,Delivered,11/1/2021,4,3.87,219925820,3.87,1,0.34,0.4,Pick-up Point,0,0,'60,9/11/2021,Study,Google Pay
10/28/2021,10/29/2021,Delivered,11/2/2021,5,3.96,199519914,3.96,1,0.6,1.1,Pick-up Point,0,0,'40,6/24/2020,Decoration,Card
10/28/2021,10/29/2021,Delivered,11/4/2021,7,3.96,199519914,3.96,1,0.6,1.1,Pick-up Point,0,0,'40,6/24/2020,Decoration,Card
10/27/2021,10/28/2021,Delivered,10/29/2021,2,2.93,290998918,2.93,1,0.55,0.1,Pick-up Point,1,0,'36.25,6/3/2021,Study,Card
10/27/2021,10/28/2021,Delivered,10/31/2021,4,5.20,214005955,5.20,1,0.34,0,Pick-up Point,0,0,#N/A,#N/A,No data,Card
10/27/2021,10/28/2021,Delivered,11/1/2021,5,7.93,225850168,7.93,1,0.33,0.5,Pick-up Point,1,0,#N/A,#N/A,No data,Google Pay
10/27/2021,10/28/2021,Delivered,10/29/2021,2,2.60,219546494,2.60,1,0.6,0.1,Pick-up Point,0,0,'56.25,9/8/2021,Stationary,Apple Pay
10/27/2021,10/28/2021,Delivered,10/29/2021,2,3.33,219899101,3.33,1,0.49,0.1,Pick-up Point,0,0,'41.25,9/11/2021,Sticker,Card
10/27/2021,10/28/2021,Delivered,11/3/2021,7,3.33,202528585,3.33,1,0.55,0.1,Pick-up Point,0,0,'65,8/14/2021,Paper,Card
10/27/2021,10/28/2021,Delivered,10/31/2021,4,3.61,291090282,3.61,1,0.45,0.1,Pick-up Point,0,0,'31.25,6/3/2021,Study,Card
10/27/2021,10/28/2021,Delivered,10/31/2021,4,3.61,298265922,3.61,1,0.45,0.1,Pick-up Point,0,0,'25,6/22/2021,Study,Card
10/27/2021,10/27/2021,Delivered,10/31/2021,4,15.87,225850168,7.93,2,0.33,1,Pick-up Point,1,0,#N/A,#N/A,No data,Card
10/27/2021,10/28/2021,Delivered,10/29/2021,2,6.28,191684958,6.28,1,0.45,0.2,Courier,1,0,'61.25,8/30/2020,Stationary,Card
10/27/2021,10/27/2021,Delivered,10/30/2021,3,3.33,202528585,3.33,1,0.55,0.1,Pick-up Point,0,0,'65,8/14/2021,Paper,Card
10/26/2021,10/27/2021,Delivered,10/28/2021,2,5.87,209488909,5.87,1,0.56,0.6,Pick-up Point,1,0,'40,11/17/2020,Stationary,Apple Pay
10/26/2021,10/27/2021,Cancelled,,-44496,5.87,209488909,5.87,1,0.56,0.6,Pick-up Point,0,0,'40,11/17/2020,Stationary,Card
10/26/2021,10/27/2021,Delivered,11/2/2021,6,15.87,225850168,7.93,2,0.33,1,Pick-up Point,0,0,#N/A,#N/A,No data,Apple Pay
10/26/2021,10/27/2021,Delivered,10/30/2021,4,3.96,199519914,3.96,1,0.6,1.1,Courier,0,0,'40,6/24/2020,Decoration,Card
10/26/2021,10/27/2021,Delivered,10/31/2021,5,7.93,225848498,7.93,1,0.33,0.5,Pick-up Point,0,0,#N/A,#N/A,No data,Card
10/26/2021,10/27/2021,Delivered,11/6/2021,11,3.96,199519914,3.96,1,0.6,1.1,Pick-up Point,0,0,'40,6/24/2020,Decoration,Card
10/26/2021,10/27/2021,Delivered,10/30/2021,4,3.33,219894852,3.33,1,0.36,0.1,Pick-up Point,0,0,'30,9/11/2021,Sticker,Card
10/26/2021,10/27/2021,Delivered,10/29/2021,3,3.61,291090282,3.61,1,0.45,0.1,Pick-up Point,0,0,'31.25,6/3/2021,Study,Card
10/26/2021,10/26/2021,Delivered,10/29/2021,3,10.00,202528585,3.33,3,0.55,0.4,Pick-up Point,0,0,'65,8/14/2021,Paper,Card
10/26/2021,10/28/2021,Delivered,11/2/2021,7,3.99,202528584,3.99,1,0.57,0.1,Pick-up Point,0,0,'40,8/14/2021,Paper,Credit
10/26/2021,10/27/2021,Delivered,10/31/2021,5,3.13,219949996,3.13,1,0.4,0.1,Pick-up Point,0,0,#N/A,#N/A,No data,Card
10/26/2021,10/27/2021,Delivered,10/29/2021,3,7.93,225848498,7.93,1,0.33,0.5,Pick-up Point,0,0,#N/A,#N/A,No data,Card
10/26/2021,10/26/2021,Delivered,11/1/2021,6,3.93,219921682,3.93,1,0.26,0.1,Pick-up Point,0,0,'70,9/12/2021,Study,Card
10/26/2021,10/27/2021,Delivered,10/29/2021,3,3.33,206052892,3.33,1,0.58,0.1,Courier,1,0,'45,8/18/2021,Paper,Apple Pay
10/25/2021,10/26/2021,Delivered,10/27/2021,2,3.87,219925820,3.87,1,0.34,0.4,Pick-up Point,0,0,'60,9/11/2021,Study,Card
10/25/2021,10/26/2021,Delivered,10/31/2021,6,2.60,219546494,2.60,1,0.6,0.1,Pick-up Point,0,0,'56.25,9/8/2021,Stationary,Apple Pay
10/25/2021,10/26/2021,Delivered,10/27/2021,2,3.61,291090282,3.61,1,0.45,0.1,Pick-up Point,0,0,'31.25,6/3/2021,Study,Card
10/25/2021,10/26/2021,Delivered,10/28/2021,3,3.87,219925820,3.87,1,0.34,0.4,Pick-up Point,0,0,'60,9/11/2021,Study,Apple Pay
10/25/2021,10/26/2021,Delivered,10/29/2021,4,7.93,225850168,7.93,1,0.33,0.5,Pick-up Point,0,0,#N/A,#N/A,No data,Card
10/25/2021,10/26/2021,Cancelled,,-44495,7.93,225848498,7.93,1,0.33,0.5,Pick-up Point,0,0,#N/A,#N/A,No data,Card
10/25/2021,10/26/2021,Delivered,10/31/2021,6,3.96,199519914,3.96,1,0.6,1.1,Pick-up box,1,0,'40,6/24/2020,Decoration,Card
10/25/2021,10/25/2021,Delivered,10/26/2021,1,6.67,202528585,3.33,2,0.55,0.2,Courier,1,0,'65,8/14/2021,Paper,Card
10/25/2021,10/28/2021,Cancelled,,-44495,3.96,199519914,3.96,1,0.6,1.1,Courier,1,0,'40,6/24/2020,Decoration,Card
10/25/2021,10/28/2021,Delivered,10/31/2021,6,3.33,219894852,3.33,1,0.36,0.1,Courier,1,0,'30,9/11/2021,Sticker,Apple Pay
10/25/2021,10/26/2021,Delivered,10/29/2021,4,3.99,202528584,3.99,1,0.57,0.1,Pick-up Point,0,0,'40,8/14/2021,Paper,Card
10/25/2021,10/26/2021,Delivered,10/28/2021,3,2.93,290998918,2.93,1,0.55,0.1,Pick-up Point,0,0,'36.25,6/3/2021,Study,Card
10/25/2021,10/26/2021,Delivered,10/29/2021,4,6.53,225895240,6.53,1,0.48,4,Pick-up Point,0,0,'55,1/28/2021,Stationary,Card
10/25/2021,10/26/2021,Delivered,10/27/2021,2,3.96,199519914,3.96,1,0.6,1.1,Courier,0,0,'40,6/24/2020,Decoration,Card
10/25/2021,10/26/2021,Delivered,10/26/2021,2,6.28,191684958,6.28,1,0.45,0.2,Pick-up Point,0,0,'61.25,8/30/2020,Stationary,Apple Pay
10/25/2021,10/25/2021,Delivered,10/27/2021,2,2.60,219546494,2.60,1,0.6,0.1,Pick-up Point,0,0,'56.25,9/8/2021,Stationary,Card
10/25/2021,10/26/2021,Delivered,11/1/2021,7,7.93,225848498,7.93,1,0.33,0.5,Pick-up Point,0,0,#N/A,#N/A,No data,Card
10/24/2021,10/25/2021,Delivered,10/27/2021,3,7.93,225848498,7.93,1,0.33,0.5,Pick-up Point,1,0,#N/A,#N/A,No data,Card
10/24/2021,10/24/2021,Delivered,10/27/2021,3,15.87,225848498,7.93,2,0.33,1,Pick-up Point,0,0,#N/A,#N/A,No data,Card
10/24/2021,10/24/2021,Delivered,10/25/2021,1,2.93,290998918,2.93,1,0.55,0.1,Pick-up Point,1,0,'36.25,6/3/2021,Study,Card
10/24/2021,10/25/2021,Delivered,10/28/2021,4,3.61,298265922,3.61,1,0.45,0.1,Pick-up Point,0,0,'25,6/22/2021,Study,Google Pay
10/24/2021,10/24/2021,Delivered,10/27/2021,3,5.32,222845644,5.32,1,0.53,0.4,Pick-up Point,0,0,#N/A,#N/A,No data,Card
10/24/2021,10/24/2021,Delivered,10/27/2021,3,7.93,225848498,7.93,1,0.33,0.5,Pick-up Point,0,0,#N/A,#N/A,No data,Card
10/24/2021,10/25/2021,Delivered,10/27/2021,3,7.93,225848498,7.93,1,0.33,0.5,Pick-up Point,0,0,#N/A,#N/A,No data,Google Pay
10/24/2021,10/25/2021,Delivered,10/26/2021,2,7.93,225848498,7.93,1,0.33,0.5,Pick-up Point,0,0,#N/A,#N/A,No data,Card
10/24/2021,10/25/2021,Delivered,10/30/2021,6,3.99,202528584,3.99,1,0.57,0.1,Pick-up Point,0,0,'40,8/14/2021,Paper,Google Pay
10/24/2021,10/24/2021,Delivered,10/25/2021,1,7.93,225850168,7.93,1,0.33,0.5,Courier,1,0,#N/A,#N/A,No data,Apple Pay
10/23/2021,10/24/2021,Delivered,11/1/2021,9,7.93,225850168,7.93,1,0.33,0.5,Pick-up Point,0,0,#N/A,#N/A,No data,Card
10/23/2021,10/24/2021,Delivered,10/25/2021,2,7.93,225850168,7.93,1,0.33,0.5,Pick-up Point,0,0,#N/A,#N/A,No data,Card
10/23/2021,10/24/2021,Delivered,10/31/2021,8,3.99,202528584,3.99,1,0.57,0.1,Pick-up Point,0,0,'40,8/14/2021,Paper,Card
10/23/2021,10/24/2021,Delivered,10/26/2021,3,7.93,225850168,7.93,1,0.33,0.5,Pick-up Point,0,0,#N/A,#N/A,No data,Apple Pay
10/23/2021,10/24/2021,Delivered,10/25/2021,2,2.93,290998918,2.93,1,0.55,0.1,Pick-up Point,0,0,'36.25,6/3/2021,Study,Card
10/23/2021,10/24/2021,Delivered,10/25/2021,2,2.60,219546494,2.60,1,0.6,0.1,Pick-up Point,0,0,'56.25,9/8/2021,Stationary,Card
10/23/2021,10/24/2021,Delivered,10/31/2021,8,5.87,209488909,5.87,1,0.56,0.6,Pick-up Point,0,0,'40,11/17/2020,Stationary,Card
10/23/2021,10/24/2021,Delivered,10/26/2021,3,5.87,209488909,5.87,1,0.56,0.6,Pick-up Point,0,0,'40,11/17/2020,Stationary,Card
10/23/2021,10/24/2021,Delivered,10/26/2021,3,3.33,219895099,3.33,1,0.49,0.1,Pick-up Point,0,0,'41.25,9/11/2021,Sticker,Card
10/23/2021,10/23/2021,Delivered,10/26/2021,3,3.96,241909946,3.96,1,0.29,0.3,Pick-up Point,0,0,'5,3/16/2021,House & Garden,Google Pay
10/22/2021,10/23/2021,Delivered,10/24/2021,2,3.96,241909946,3.96,1,0.29,0.3,Pick-up Point,0,0,'5,3/16/2021,House & Garden,Apple Pay
10/22/2021,10/23/2021,Delivered,10/25/2021,3,3.33,219908882,3.33,1,0.37,0.1,Pick-up Point,0,0,'30,9/11/2021,Sticker,Card
10/22/2021,10/23/2021,Delivered,10/23/2021,1,2.60,219546494,2.60,1,0.6,0.1,Pick-up Point,1,0,'56.25,9/8/2021,Stationary,Card
10/22/2021,10/27/2021,Delivered,10/28/2021,6,4.67,250990858,4.67,1,0.41,0.1,Courier,1,0,'65,4/4/2021,Paper,Card
10/22/2021,10/23/2021,Cancelled,,-44492,7.93,225850168,7.93,1,0.33,0.5,Pick-up Point,0,0,#N/A,#N/A,No data,Apple Pay
10/22/2021,10/24/2021,Delivered,11/1/2021,10,3.96,199519914,3.96,1,0.6,1.1,Pick-up Point,0,0,'40,6/24/2020,Decoration,Card
10/22/2021,10/23/2021,Cancelled,,-44492,8.40,225850168,8.40,1,0.29,0.5,Pick-up Point,1,0,#N/A,#N/A,No data,Card
10/22/2021,10/23/2021,Delivered,10/27/2021,5,3.87,219899101,3.87,1,0.41,0.1,Pick-up Point,0,0,'41.25,9/11/2021,Sticker,Card
10/22/2021,10/23/2021,Delivered,10/26/2021,4,8.40,225850168,8.40,1,0.28,0.5,Pick-up Point,0,0,#N/A,#N/A,No data,Card
10/22/2021,10/23/2021,Delivered,10/25/2021,3,8.40,225850168,8.40,1,0.29,0.5,Pick-up Point,0,0,#N/A,#N/A,No data,Card
10/22/2021,10/23/2021,Delivered,10/27/2021,5,7.92,241909946,3.96,2,0.29,0.7,Pick-up Point,0,0,'5,3/16/2021,House & Garden,Card
10/22/2021,10/22/2021,Delivered,10/26/2021,4,8.40,225850168,8.40,1,0.29,0.5,Pick-up Point,0,0,#N/A,#N/A,No data,Apple Pay
10/22/2021,10/26/2021,Delivered,10/28/2021,6,8.40,225850168,8.40,1,0.29,0.5,Courier,0,0,#N/A,#N/A,No data,Card
10/22/2021,10/23/2021,Delivered,10/25/2021,3,8.40,225850168,8.40,1,0.29,0.5,Pick-up Point,0,0,#N/A,#N/A,No data,Card
10/22/2021,10/22/2021,Delivered,10/26/2021,4,3.96,241909946,3.96,1,0.29,0.3,Pick-up Point,0,0,'5,3/16/2021,House & Garden,Apple Pay
10/22/2021,10/22/2021,Delivered,10/23/2021,1,3.33,219546494,3.33,1,0.49,0.1,Pick-up Point,0,0,'56.25,9/8/2021,Stationary,Card
10/22/2021,10/22/2021,Delivered,10/25/2021,3,8.40,225850168,8.40,1,0.29,0.5,Pick-up Point,1,0,#N/A,#N/A,No data,Card
10/22/2021,10/24/2021,Delivered,10/25/2021,3,3.96,241909946,3.96,1,0.29,0.3,Pick-up Point,0,0,'5,3/16/2021,House & Garden,Card
10/22/2021,10/23/2021,Delivered,10/31/2021,9,5.20,214005955,5.20,1,0.34,0,Pick-up Point,0,0,#N/A,#N/A,No data,Apple Pay
10/21/2021,10/22/2021,Delivered,10/22/2021,1,3.96,241909946,3.96,1,0.29,0.3,Pick-up Point,0,0,'5,3/16/2021,House & Garden,Apple Pay
10/21/2021,10/22/2021,Delivered,10/29/2021,8,8.40,225850168,8.40,1,0.29,0.5,Pick-up Point,0,0,#N/A,#N/A,No data,Card
10/21/2021,10/22/2021,Delivered,10/24/2021,3,5.20,202528585,5.20,1,0.29,0.1,Pick-up Point,0,0,'65,8/14/2021,Paper,Card
10/21/2021,10/22/2021,Delivered,10/27/2021,6,8.40,225850168,8.40,1,0.29,0.5,Pick-up Point,0,0,#N/A,#N/A,No data,Card
10/21/2021,10/22/2021,Delivered,10/30/2021,9,3.96,241909946,3.96,1,0.29,0.3,Pick-up Point,1,0,'5,3/16/2021,House & Garden,Card
10/21/2021,10/22/2021,Delivered,10/24/2021,3,3.96,199519914,3.96,1,0.6,1.1,Courier,1,0,'40,6/24/2020,Decoration,Card
10/21/2021,10/22/2021,Delivered,10/28/2021,7,7.33,209488909,7.33,1,0.44,0.6,Pick-up Point,0,0,'40,11/17/2020,Stationary,Card
10/21/2021,10/23/2021,Delivered,10/25/2021,4,8.67,225848498,8.67,1,0.27,0.5,Courier,1,0,#N/A,#N/A,No data,Card
10/21/2021,10/22/2021,Delivered,10/24/2021,3,8.67,225848498,8.67,1,0.27,0.5,Courier,0,0,#N/A,#N/A,No data,Card
10/21/2021,10/21/2021,Delivered,10/22/2021,1,3.96,290998918,3.96,1,0.39,0.1,Pick-up Point,0,0,'36.25,6/3/2021,Study,Card
10/21/2021,10/22/2021,Cancelled,,-44490,3.96,199519914,3.96,1,0.6,1.1,Pick-up Point,0,0,'40,6/24/2020,Decoration,Card
10/21/2021,10/22/2021,Delivered,10/24/2021,3,7.33,209488909,7.33,1,0.44,0.6,Pick-up Point,0,0,'40,11/17/2020,Stationary,Card
10/21/2021,10/22/2021,Delivered,10/26/2021,5,3.96,241909946,3.96,1,0.29,0.3,Pick-up Point,1,0,'5,3/16/2021,House & Garden,Card
10/21/2021,10/22/2021,Delivered,10/25/2021,4,8.67,225848498,8.67,1,0.27,0.5,Pick-up Point,0,0,#N/A,#N/A,No data,Card
10/21/2021,10/21/2021,Delivered,10/21/2021,1,3.96,199519914,3.96,1,0.6,1.1,Courier,1,0,'40,6/24/2020,Decoration,Card
10/21/2021,10/22/2021,Delivered,10/25/2021,4,3.96,241909946,3.96,1,0.29,0.3,Pick-up Point,0,0,'5,3/16/2021,House & Garden,Apple Pay
10/20/2021,10/21/2021,Delivered,10/23/2021,3,3.96,199519914,3.96,1,0.6,1.1,Pick-up Point,0,0,'40,6/24/2020,Decoration,Card
10/20/2021,10/21/2021,Delivered,10/25/2021,5,3.96,241909946,3.96,1,0.29,0.3,Pick-up Point,1,0,'5,3/16/2021,House & Garden,Card
10/20/2021,10/21/2021,Delivered,10/21/2021,1,3.96,241909946,3.96,1,0.29,0.3,Pick-up Point,0,0,'5,3/16/2021,House & Garden,Google Pay
10/20/2021,10/21/2021,Delivered,10/24/2021,4,5.20,214005955,5.20,1,0.34,0,Pick-up Point,0,0,#N/A,#N/A,No data,Card
10/20/2021,10/21/2021,Delivered,10/29/2021,9,3.96,241909946,3.96,1,0.29,0.3,Pick-up Point,0,0,'5,3/16/2021,House & Garden,Apple Pay
10/20/2021,10/25/2021,Delivered,10/27/2021,7,7.33,191684958,7.33,1,0.35,0.2,Courier,0,0,'61.25,8/30/2020,Stationary,Apple Pay
10/20/2021,10/21/2021,Delivered,10/25/2021,5,3.96,241909946,3.96,1,0.29,0.3,Pick-up Point,0,0,'5,3/16/2021,House & Garden,Card
10/20/2021,10/21/2021,Delivered,10/26/2021,6,3.33,219546494,3.33,1,0.49,0.1,Pick-up Point,1,0,'56.25,9/8/2021,Stationary,Card
10/20/2021,10/20/2021,Delivered,10/22/2021,2,3.96,241909946,3.96,1,0.29,0.3,Pick-up Point,0,0,'5,3/16/2021,House & Garden,Google Pay
10/20/2021,10/21/2021,Delivered,10/21/2021,1,3.96,241909946,3.96,1,0.29,0.3,Pick-up Point,0,0,'5,3/16/2021,House & Garden,Apple Pay
10/20/2021,10/20/2021,Delivered,10/27/2021,7,8.40,225850168,8.40,1,0.29,0.5,Pick-up Point,0,0,#N/A,#N/A,No data,Card
10/20/2021,10/21/2021,Delivered,10/25/2021,5,3.96,241909946,3.96,1,0.29,0.3,Pick-up Point,0,0,'5,3/16/2021,House & Garden,Digital
10/20/2021,10/20/2021,Delivered,10/22/2021,2,3.96,241909946,3.96,1,0.29,0.3,Courier,0,0,'5,3/16/2021,House & Garden,Card
10/19/2021,10/20/2021,Delivered,10/23/2021,4,8.40,225850168,8.40,1,0.29,0.5,Pick-up Point,0,0,#N/A,#N/A,No data,Card
10/19/2021,10/20/2021,Delivered,10/25/2021,6,5.33,250990858,5.33,1,0.27,0.1,Pick-up Point,1,0,'65,4/4/2021,Paper,Apple Pay
10/19/2021,10/20/2021,Delivered,10/22/2021,3,3.87,219899101,3.87,1,0.41,0.1,Pick-up Point,0,0,'41.25,9/11/2021,Sticker,Card
10/19/2021,10/20/2021,Delivered,10/22/2021,3,3.87,219895099,3.87,1,0.41,0.1,Pick-up Point,0,0,'41.25,9/11/2021,Sticker,Card
10/19/2021,10/19/2021,Delivered,10/21/2021,2,8.67,225848498,8.67,1,0.27,0.5,Pick-up Point,0,0,#N/A,#N/A,No data,Card
10/19/2021,10/20/2021,Delivered,10/23/2021,4,2.65,182569295,2.65,1,0.49,0.1,Pick-up Point,0,0,'51.25,7/23/2020,Journal,Card
10/19/2021,10/20/2021,Delivered,10/25/2021,6,2.65,182569295,2.65,1,0.49,0.1,Pick-up Point,0,0,'51.25,7/23/2020,Journal,Card
10/19/2021,10/19/2021,Delivered,10/20/2021,1,2.65,182569295,2.65,1,0.49,0.1,Pick-up Point,0,0,'51.25,7/23/2020,Journal,Card
10/19/2021,10/20/2021,Delivered,10/23/2021,4,2.65,182569295,2.65,1,0.49,0.1,Pick-up Point,0,0,'51.25,7/23/2020,Journal,Card
10/19/2021,10/19/2021,Delivered,10/20/2021,1,8.67,225848498,8.67,1,0.27,0.5,Pick-up Point,1,0,#N/A,#N/A,No data,Card
10/19/2021,10/20/2021,Delivered,10/22/2021,3,3.96,241909946,3.96,1,0.29,0.3,Pick-up box,0,0,'5,3/16/2021,House & Garden,Card
10/19/2021,10/20/2021,Delivered,10/23/2021,4,3.96,241909946,3.96,1,0.29,0.3,Pick-up Point,1,0,'5,3/16/2021,House & Garden,Card
10/19/2021,10/19/2021,Delivered,10/23/2021,4,2.65,182569295,2.65,1,0.49,0.1,Pick-up Point,0,0,'51.25,7/23/2020,Journal,Card
10/19/2021,10/21/2021,Delivered,10/22/2021,3,8.67,225848498,8.67,1,0.27,0.5,Courier,0,0,#N/A,#N/A,No data,Card
10/19/2021,10/19/2021,Delivered,10/23/2021,4,3.87,219899101,3.87,1,0.41,0.1,Pick-up Point,0,0,'41.25,9/11/2021,Sticker,Card
10/19/2021,10/19/2021,Delivered,10/21/2021,2,2.65,182569295,2.65,1,0.49,0.1,Pick-up Point,0,0,'51.25,7/23/2020,Journal,Apple Pay
10/19/2021,10/19/2021,Delivered,10/22/2021,3,3.96,241909946,3.96,1,0.29,0.3,Pick-up Point,1,0,'5,3/16/2021,House & Garden,Card
10/19/2021,10/20/2021,Delivered,10/21/2021,2,8.40,225850168,8.40,1,0.29,0.5,Pick-up Point,0,0,#N/A,#N/A,No data,Apple Pay
10/19/2021,10/19/2021,Delivered,10/20/2021,1,3.87,219895099,3.87,1,0.41,0.1,Pick-up Point,0,0,'41.25,9/11/2021,Sticker,Apple Pay
10/18/2021,10/19/2021,Delivered,10/19/2021,1,8.67,225848498,8.67,1,0.27,0.5,Courier,0,0,#N/A,#N/A,No data,Credit
10/18/2021,10/19/2021,Delivered,10/22/2021,4,3.87,219908882,3.87,1,0.27,0.1,Pick-up Point,0,0,'30,9/11/2021,Sticker,Card
10/18/2021,10/19/2021,Cancelled,,-44488,8.40,225850168,8.40,1,0.29,0.5,Courier,1,0,#N/A,#N/A,No data,Card
10/18/2021,10/19/2021,Delivered,10/23/2021,5,3.87,219895099,3.87,1,0.41,0.1,Pick-up Point,0,0,'41.25,9/11/2021,Sticker,Card
10/18/2021,10/19/2021,Delivered,10/23/2021,4,3.96,241909946,3.96,1,0.29,0.3,Pick-up Point,0,0,'5,3/16/2021,House & Garden,Apple Pay
10/18/2021,10/19/2021,Delivered,10/21/2021,3,19.80,241909946,3.96,5,0.29,1.8,Pick-up Point,0,0,'5,3/16/2021,House & Garden,Card
10/18/2021,10/19/2021,Delivered,10/21/2021,3,3.96,241909946,3.96,1,0.29,0.3,Pick-up Point,0,0,'5,3/16/2021,House & Garden,Google Pay
10/18/2021,10/19/2021,Delivered,10/27/2021,9,5.20,202528585,5.20,1,0.29,0.1,Pick-up Point,0,0,'65,8/14/2021,Paper,Card
10/18/2021,10/19/2021,Delivered,10/20/2021,2,2.65,182569295,2.65,1,0.49,0.1,Pick-up Point,0,0,'51.25,7/23/2020,Journal,Apple Pay
10/18/2021,10/19/2021,Delivered,10/22/2021,4,3.96,241909946,3.96,1,0.29,0.3,Pick-up Point,0,0,'5,3/16/2021,House & Garden,Card
10/18/2021,10/19/2021,Delivered,10/20/2021,2,2.65,182569295,2.65,1,0.49,0.1,Courier,0,0,'51.25,7/23/2020,Journal,Card
10/18/2021,10/19/2021,Delivered,10/21/2021,3,8.40,225850168,8.40,1,0,0.5,Pick-up Point,1,0,#N/A,#N/A,No data,Card
10/18/2021,10/19/2021,Delivered,10/25/2021,7,8.40,225850168,8.40,1,0.29,0.5,Pick-up Point,0,0,#N/A,#N/A,No data,Card
10/18/2021,10/19/2021,Delivered,10/22/2021,4,3.96,241909946,3.96,1,0.29,0.3,Pick-up Point,0,0,'5,3/16/2021,House & Garden,Card
10/18/2021,10/18/2021,Delivered,10/18/2021,0,5.31,182569295,2.65,2,0.49,0.3,Courier,1,0,'51.25,7/23/2020,Journal,Card
10/18/2021,10/19/2021,Delivered,10/23/2021,5,3.96,241909946,3.96,1,0.29,0.3,Pick-up Point,0,0,'5,3/16/2021,House & Garden,Apple Pay
10/18/2021,10/18/2021,Cancelled,,-44487,2.65,182569295,2.65,1,0.49,0.1,Pick-up Point,0,0,'51.25,7/23/2020,Journal,Card
10/18/2021,10/18/2021,Delivered,10/24/2021,6,2.65,182569295,2.65,1,0.49,0.1,Pick-up Point,0,0,'51.25,7/23/2020,Journal,Card
10/18/2021,10/18/2021,Delivered,10/19/2021,1,2.65,182569295,2.65,1,0.49,0.1,Pick-up Point,0,0,'51.25,7/23/2020,Journal,Card
10/18/2021,10/18/2021,Delivered,10/21/2021,3,2.65,182569295,2.65,1,0.49,0.1,Pick-up Point,0,0,'51.25,7/23/2020,Journal,Card
10/18/2021,10/18/2021,Delivered,10/21/2021,3,2.65,182569295,2.65,1,0.49,0.1,Pick-up Point,0,0,'51.25,7/23/2020,Journal,Card
10/17/2021,10/18/2021,Delivered,10/19/2021,1,7.33,191684958,7.33,1,0.35,0.2,Pick-up Point,0,0,'61.25,8/30/2020,Stationary,Apple Pay
10/17/2021,10/18/2021,Delivered,10/22/2021,5,3.96,241909946,3.96,1,0.29,0.3,Pick-up Point,0,0,'5,3/16/2021,House & Garden,Card
10/17/2021,10/17/2021,Delivered,10/21/2021,4,8.67,225848498,8.67,1,0.27,0.5,Pick-up Point,0,0,#N/A,#N/A,No data,Card
10/17/2021,10/19/2021,Delivered,10/29/2021,12,3.87,219899101,3.87,1,0.41,0.1,Pick-up Point,0,0,'41.25,9/11/2021,Sticker,Card
10/17/2021,10/17/2021,Delivered,10/20/2021,3,3.33,219546494,3.33,1,0.49,0.1,Pick-up Point,0,0,'56.25,9/8/2021,Stationary,Card
10/17/2021,10/17/2021,Delivered,10/18/2021,1,3.87,219899101,3.87,1,0.41,0.1,Pick-up Point,0,0,'41.25,9/11/2021,Sticker,Card
10/17/2021,10/18/2021,Delivered,10/21/2021,4,13.13,198486522,13.13,1,0.27,0.7,Pick-up Point,0,0,'46.25,9/26/2020,Paper,Card
10/17/2021,10/18/2021,Delivered,10/19/2021,2,8.67,225848498,8.67,1,0.27,0.5,Courier,1,0,#N/A,#N/A,No data,Card
10/17/2021,10/18/2021,Delivered,10/19/2021,2,3.87,219895099,3.87,1,0.41,0.1,Pick-up Point,0,0,'41.25,9/11/2021,Sticker,Card
10/17/2021,10/17/2021,Delivered,10/19/2021,2,5.87,250990858,5.87,1,0.25,0.1,Pick-up Point,1,0,'65,4/4/2021,Paper,Card
10/17/2021,10/18/2021,Delivered,10/21/2021,4,3.96,241909946,3.96,1,0.29,0.3,Pick-up Point,0,0,'5,3/16/2021,House & Garden,Card
10/17/2021,10/18/2021,Delivered,10/20/2021,3,8.67,225848498,8.67,1,0.27,0.5,Pick-up Point,0,0,#N/A,#N/A,No data,Card
10/17/2021,10/17/2021,Cancelled,,-44486,3.99,219925820,3.99,1,0.32,0.4,Pick-up Point,0,0,'60,9/11/2021,Study,Card
10/17/2021,10/18/2021,Delivered,10/22/2021,5,8.67,225848498,8.67,1,0.27,0.5,Pick-up Point,1,0,#N/A,#N/A,No data,Apple Pay
10/16/2021,10/17/2021,Delivered,10/18/2021,2,2.65,182569295,2.65,1,0.49,0.1,Pick-up Point,0,0,'51.25,7/23/2020,Journal,Card
10/16/2021,10/17/2021,Delivered,10/18/2021,2,8.67,225848498,8.67,1,0.27,0.5,Pick-up Point,0,0,#N/A,#N/A,No data,Card
10/16/2021,10/18/2021,Delivered,10/20/2021,4,3.96,241909946,3.96,1,0.29,0.3,Courier,0,0,'5,3/16/2021,House & Garden,Card
10/16/2021,10/23/2021,Delivered,10/24/2021,8,3.87,219899101,3.87,1,0.41,0.1,Courier,0,0,'41.25,9/11/2021,Sticker,Card
10/16/2021,10/17/2021,Delivered,10/19/2021,3,8.67,225848498,8.67,1,0.27,0.5,Courier,1,0,#N/A,#N/A,No data,Card
10/16/2021,10/16/2021,Delivered,10/17/2021,1,3.96,241909946,3.96,1,0.29,0.3,Pick-up Point,0,0,'5,3/16/2021,House & Garden,Card
10/16/2021,10/16/2021,Delivered,10/20/2021,4,8.67,225848498,8.67,1,0.27,0.5,Pick-up Point,0,0,#N/A,#N/A,No data,Card
10/16/2021,10/17/2021,Delivered,10/20/2021,4,5.31,182569295,2.65,2,0.49,0.3,Courier,0,0,'51.25,7/23/2020,Journal,Card
10/16/2021,10/16/2021,Delivered,10/17/2021,1,2.65,182569295,2.65,1,0.49,0.1,Pick-up Point,0,0,'51.25,7/23/2020,Journal,Card
10/16/2021,10/16/2021,Delivered,10/17/2021,1,13.13,198486522,13.13,1,0.27,0.7,Pick-up Point,0,0,'46.25,9/26/2020,Paper,Card
10/16/2021,10/17/2021,Delivered,10/22/2021,6,8.67,225848498,8.67,1,0.27,0.5,Pick-up Point,0,0,#N/A,#N/A,No data,Card
10/16/2021,10/17/2021,Delivered,10/23/2021,7,5.20,202528585,5.20,1,0.29,0.1,Pick-up Point,0,0,'65,8/14/2021,Paper,Card
10/16/2021,10/17/2021,Delivered,10/20/2021,4,8.67,225848498,8.67,1,0.27,0.5,Courier,0,0,#N/A,#N/A,No data,Card
10/16/2021,10/17/2021,Delivered,10/20/2021,4,8.67,225848498,8.67,1,0.27,0.5,Pick-up Point,1,0,#N/A,#N/A,No data,Card
10/16/2021,10/17/2021,Delivered,10/20/2021,4,8.67,225848498,8.67,1,0.27,0.5,Courier,1,0,#N/A,#N/A,No data,Apple Pay
10/16/2021,10/17/2021,Delivered,10/18/2021,2,11.60,219894852,3.87,3,0.26,0.2,Pick-up Point,0,0,'30,9/11/2021,Sticker,Card
10/16/2021,10/17/2021,Delivered,10/18/2021,2,2.65,182569295,2.65,1,0.49,0.1,Pick-up Point,0,0,'51.25,7/23/2020,Journal,Card
10/16/2021,10/16/2021,Delivered,10/18/2021,2,8.40,225850168,8.40,1,0.29,0.5,Pick-up Point,0,0,#N/A,#N/A,No data,Card
10/16/2021,10/16/2021,Delivered,10/18/2021,2,8.67,225848498,8.67,1,0.27,0.5,Pick-up Point,0,0,#N/A,#N/A,No data,Card
10/16/2021,10/16/2021,Delivered,10/17/2021,2,3.99,219925820,3.99,1,0.32,0.4,Pick-up Point,0,0,'60,9/11/2021,Study,Card
10/16/2021,10/17/2021,Delivered,10/25/2021,9,8.67,225848498,8.67,1,0.27,0.5,Pick-up Point,0,0,#N/A,#N/A,No data,Card
10/16/2021,10/16/2021,Delivered,10/19/2021,4,3.99,219925820,3.99,1,0.32,0.4,Pick-up Point,0,0,'60,9/11/2021,Study,Card
10/15/2021,10/16/2021,Delivered,10/24/2021,9,3.96,199519914,3.96,1,0.6,1.1,Pick-up Point,0,0,'40,6/24/2020,Decoration,Card
10/15/2021,10/17/2021,Delivered,10/18/2021,3,3.96,241909946,3.96,1,0.29,0.3,Courier,1,0,'5,3/16/2021,House & Garden,Apple Pay
10/15/2021,10/16/2021,Delivered,10/17/2021,2,8.40,225850168,8.40,1,0.29,0.5,Pick-up Point,0,0,#N/A,#N/A,No data,Apple Pay
10/15/2021,10/15/2021,Delivered,10/18/2021,3,3.96,241909946,3.96,1,0.29,0.3,Pick-up Point,0,0,'5,3/16/2021,House & Garden,Card
10/15/2021,10/16/2021,Delivered,10/19/2021,4,3.96,241909946,3.96,1,0.29,0.3,Pick-up Point,1,0,'5,3/16/2021,House & Garden,Google Pay
10/15/2021,10/16/2021,Delivered,10/21/2021,6,7.33,209488909,7.33,1,0.44,0.6,Pick-up Point,1,0,'40,11/17/2020,Stationary,Google Pay
10/15/2021,10/15/2021,Delivered,10/20/2021,5,3.99,219925820,3.99,1,0.32,0.4,Pick-up Point,0,0,'60,9/11/2021,Study,Card
10/15/2021,10/15/2021,Delivered,10/17/2021,2,7.33,191684958,7.33,1,0.35,0.2,Pick-up Point,0,0,'61.25,8/30/2020,Stationary,Card
10/15/2021,10/15/2021,Delivered,10/17/2021,2,13.13,198486522,13.13,1,0.27,0.7,Pick-up Point,0,0,'46.25,9/26/2020,Paper,Card
10/15/2021,10/16/2021,Delivered,10/17/2021,2,3.96,199519914,3.96,1,0.6,1.1,Courier,0,0,'40,6/24/2020,Decoration,Apple Pay
10/15/2021,10/15/2021,Delivered,10/19/2021,4,3.96,241909946,3.96,1,0.29,0.3,Pick-up Point,0,0,'5,3/16/2021,House & Garden,Card
10/14/2021,10/18/2021,Delivered,10/20/2021,6,5.87,250990858,5.87,1,0.25,0.1,Courier,0,1,'65,4/4/2021,Paper,Card
10/14/2021,10/15/2021,Cancelled,,-44484,5.20,202528585,5.20,1,0.29,0.1,Pick-up Point,1,0,'65,8/14/2021,Paper,Card
10/14/2021,10/15/2021,Delivered,10/18/2021,4,13.13,198486522,13.13,1,0.27,0.7,Pick-up Point,0,0,'46.25,9/26/2020,Paper,Card
10/14/2021,10/15/2021,Delivered,10/17/2021,3,3.87,219895099,3.87,1,0.41,0.1,Pick-up Point,0,0,'41.25,9/11/2021,Sticker,Card
10/14/2021,10/19/2021,Delivered,10/20/2021,6,5.20,214005955,5.20,1,0.34,0,Courier,0,0,#N/A,#N/A,No data,Card
10/14/2021,10/15/2021,Delivered,10/18/2021,4,5.87,250990858,5.87,1,0.25,0.1,Pick-up Point,1,0,'65,4/4/2021,Paper,Card
10/14/2021,10/15/2021,Delivered,10/18/2021,4,3.80,219925820,3.80,1,0.33,0.4,Pick-up Point,0,0,'60,9/11/2021,Study,Card
10/14/2021,10/15/2021,Delivered,10/20/2021,6,11.88,241909946,3.96,3,0.29,1,Pick-up Point,0,0,'5,3/16/2021,House & Garden,Card
10/14/2021,10/15/2021,Delivered,10/19/2021,5,3.96,241909946,3.96,1,0.29,0.3,Pick-up Point,0,0,'5,3/16/2021,House & Garden,Card
10/13/2021,10/14/2021,Delivered,10/18/2021,5,3.99,219925820,3.99,1,0.32,0.4,Pick-up Point,0,0,'60,9/11/2021,Study,Card
10/13/2021,10/14/2021,Delivered,10/15/2021,2,3.99,219925820,3.99,1,0.32,0.4,Pick-up Point,0,0,'60,9/11/2021,Study,Card
10/13/2021,10/14/2021,Delivered,10/17/2021,4,3.99,219925820,3.99,1,0.32,0.4,Pick-up Point,1,0,'60,9/11/2021,Study,Card
10/13/2021,10/14/2021,Delivered,10/19/2021,6,3.96,241909946,3.96,1,0.29,0.3,Pick-up Point,0,0,'5,3/16/2021,House & Garden,Card
10/13/2021,10/13/2021,Delivered,10/15/2021,2,3.96,241909946,3.96,1,0.29,0.3,Pick-up Point,0,0,'5,3/16/2021,House & Garden,Card
10/13/2021,10/14/2021,Delivered,10/16/2021,3,3.96,199519914,3.96,1,0.6,1.1,Courier,1,0,'40,6/24/2020,Decoration,Card
10/13/2021,10/13/2021,Delivered,10/14/2021,1,3.96,199519914,3.96,1,0.6,1.1,Courier,1,0,'40,6/24/2020,Decoration,Card
10/13/2021,10/13/2021,Delivered,10/25/2021,12,3.99,219925820,3.99,1,0.32,0.4,Pick-up Point,0,0,'60,9/11/2021,Study,Card
10/13/2021,10/13/2021,Delivered,10/15/2021,2,7.92,241909946,3.96,2,0.29,0.7,Pick-up Point,1,0,'5,3/16/2021,House & Garden,Card
10/12/2021,10/13/2021,Delivered,10/16/2021,4,13.13,198486522,13.13,1,0.27,0.7,Pick-up Point,0,0,'46.25,9/26/2020,Paper,Card
10/12/2021,10/13/2021,Delivered,10/15/2021,3,7.92,241909946,3.96,2,0.29,0.7,Courier,1,0,'5,3/16/2021,House & Garden,Card
10/12/2021,10/12/2021,Delivered,10/13/2021,1,4.47,291090282,4.47,1,0.32,0.1,Pick-up Point,1,0,'31.25,6/3/2021,Study,Card
10/12/2021,10/13/2021,Delivered,10/16/2021,4,7.33,191684958,7.33,1,0.35,0.2,Pick-up Point,0,0,'61.25,8/30/2020,Stationary,Google Pay
10/12/2021,10/17/2021,Delivered,10/18/2021,6,7.33,191684958,7.33,1,0.35,0.2,Courier,0,0,'61.25,8/30/2020,Stationary,Apple Pay
10/12/2021,10/15/2021,Delivered,10/16/2021,4,4.40,241909946,4.40,1,0.45,0.3,Courier,1,0,'5,3/16/2021,House & Garden,Card
10/12/2021,10/13/2021,Delivered,10/18/2021,6,3.87,219894852,3.87,1,0.26,0.1,Pick-up Point,0,0,'30,9/11/2021,Sticker,Card
10/12/2021,10/13/2021,Delivered,10/16/2021,4,4.40,241909946,4.40,1,0.45,0.3,Pick-up Point,0,0,'5,3/16/2021,House & Garden,Card
10/12/2021,10/12/2021,Delivered,10/13/2021,1,4.40,241909946,4.40,1,0.45,0.3,Pick-up Point,1,0,'5,3/16/2021,House & Garden,Card
10/12/2021,10/13/2021,Delivered,10/15/2021,3,3.87,219894852,3.87,1,0.26,0.1,Pick-up Point,0,0,'30,9/11/2021,Sticker,Apple Pay
10/12/2021,10/13/2021,Delivered,10/19/2021,7,5.87,250990858,5.87,1,0.25,0.1,Pick-up Point,0,0,'65,4/4/2021,Paper,Card
10/11/2021,10/12/2021,Delivered,10/14/2021,3,13.13,198486522,13.13,1,0.27,0.7,Pick-up Point,0,0,'46.25,9/26/2020,Paper,Card
10/11/2021,10/12/2021,Delivered,10/13/2021,2,5.20,202528585,5.20,1,0.29,0.1,Pick-up Point,1,0,'65,8/14/2021,Paper,Card
10/11/2021,10/12/2021,Delivered,10/14/2021,3,3.87,219908882,3.87,1,0.27,0.1,Pick-up Point,0,0,'30,9/11/2021,Sticker,Card
10/11/2021,10/12/2021,Delivered,10/17/2021,6,9.33,206052892,4.67,2,0.41,0.2,Pick-up Point,0,0,'45,8/18/2021,Paper,Card
10/11/2021,10/12/2021,Delivered,10/15/2021,4,3.99,249846004,3.99,1,0.32,0.2,Pick-up Point,0,0,'45,4/4/2021,Paper,Card
10/11/2021,10/12/2021,Delivered,10/16/2021,5,3.96,199519914,3.96,1,0.6,1.1,Pick-up Point,0,0,'40,6/24/2020,Decoration,Card
10/11/2021,10/11/2021,Delivered,10/12/2021,1,13.13,198486522,13.13,1,0.27,0.7,Pick-up Point,0,0,'46.25,9/26/2020,Paper,Card
10/10/2021,10/11/2021,Delivered,10/11/2021,1,2.65,182569295,2.65,1,0.49,0.1,Courier,0,0,'51.25,7/23/2020,Journal,Card
10/10/2021,10/11/2021,Delivered,10/15/2021,5,3.96,199519914,3.96,1,0.6,1.1,Pick-up box,0,0,'40,6/24/2020,Decoration,Card
10/10/2021,10/11/2021,Delivered,10/12/2021,2,3.87,219899101,3.87,1,0.41,0.1,Courier,1,0,'41.25,9/11/2021,Sticker,Apple Pay
10/10/2021,10/11/2021,Delivered,10/14/2021,4,8.80,241909946,4.40,2,0.45,0.7,Pick-up Point,0,0,'5,3/16/2021,House & Garden,Apple Pay
10/10/2021,10/11/2021,Delivered,10/14/2021,4,3.87,219894852,3.87,1,0.26,0.1,Courier,1,0,'30,9/11/2021,Sticker,Card
10/10/2021,10/11/2021,Delivered,10/16/2021,6,4.40,241909946,4.40,1,0.45,0.3,Pick-up Point,0,0,'5,3/16/2021,House & Garden,Apple Pay
10/10/2021,10/11/2021,Delivered,10/15/2021,5,4.40,241909946,4.40,1,0.45,0.3,Pick-up Point,1,0,'5,3/16/2021,House & Garden,Card
10/10/2021,10/10/2021,Delivered,10/12/2021,2,10.64,249910406,5.32,2,0.27,0.4,Pick-up Point,1,0,'25,4/4/2021,Paper,Card
10/10/2021,10/11/2021,Delivered,10/13/2021,3,4.40,241909946,4.40,1,0.45,0.3,Pick-up Point,0,0,'5,3/16/2021,House & Garden,Card
10/10/2021,10/11/2021,Delivered,10/14/2021,4,3.99,219925820,3.99,1,0.32,0.4,Pick-up Point,0,0,'60,9/11/2021,Study,Card
10/10/2021,10/10/2021,Delivered,10/11/2021,1,2.65,182569295,2.65,1,0.49,0.1,Pick-up Point,0,0,'51.25,7/23/2020,Journal,Card
10/10/2021,10/11/2021,Delivered,10/12/2021,2,3.87,219899101,3.87,1,0.41,0.1,Pick-up Point,0,0,'41.25,9/11/2021,Sticker,Apple Pay
10/10/2021,10/11/2021,Delivered,10/14/2021,4,3.96,199519914,3.96,1,0.6,1.1,Pick-up Point,1,0,'40,6/24/2020,Decoration,Card
10/10/2021,10/10/2021,Delivered,10/11/2021,1,2.65,182569295,2.65,1,0.49,0.1,Pick-up Point,0,0,'51.25,7/23/2020,Journal,Card
10/10/2021,10/10/2021,Delivered,10/11/2021,1,2.65,182569295,2.65,1,0.49,0.1,Pick-up Point,1,0,'51.25,7/23/2020,Journal,Card
10/10/2021,10/11/2021,Delivered,10/14/2021,4,3.87,251169005,3.87,1,0.51,0.1,Pick-up Point,0,0,'68.75,4/7/2021,Stationary,Card
10/9/2021,10/10/2021,Delivered,10/13/2021,4,13.13,198486522,13.13,1,0.27,0.7,Pick-up Point,0,0,'46.25,9/26/2020,Paper,Apple Pay
10/9/2021,10/10/2021,Delivered,10/11/2021,2,3.87,251169005,3.87,1,0.51,0.1,Pick-up Point,1,0,'68.75,4/7/2021,Stationary,Card
10/9/2021,10/10/2021,Delivered,10/12/2021,2,3.87,251169005,3.87,1,0.51,0.1,Pick-up Point,0,0,'68.75,4/7/2021,Stationary,Card
10/9/2021,10/10/2021,Delivered,10/14/2021,5,2.65,182569295,2.65,1,0.49,0.1,Courier,0,0,'51.25,7/23/2020,Journal,Apple Pay
10/9/2021,10/10/2021,Delivered,10/11/2021,2,4.40,241909946,4.40,1,0.45,0.3,Courier,0,0,'5,3/16/2021,House & Garden,Apple Pay
10/9/2021,10/14/2021,Delivered,10/15/2021,6,3.87,251169005,3.87,1,0.51,0.1,Courier,0,0,'68.75,4/7/2021,Stationary,Card
10/9/2021,10/10/2021,Delivered,10/12/2021,3,3.87,251169005,3.87,1,0.51,0.1,Pick-up Point,0,0,'68.75,4/7/2021,Stationary,Card
10/9/2021,10/12/2021,Delivered,10/17/2021,8,5.87,250990858,5.87,1,0.25,0.1,Courier,0,0,'65,4/4/2021,Paper,Card
10/9/2021,10/10/2021,Delivered,10/12/2021,3,3.87,219899101,3.87,1,0.41,0.1,Pick-up Point,0,0,'41.25,9/11/2021,Sticker,Apple Pay
10/9/2021,10/9/2021,Delivered,10/12/2021,3,7.33,191684958,7.33,1,0.35,0.2,Pick-up Point,0,0,'61.25,8/30/2020,Stationary,Apple Pay
10/9/2021,10/10/2021,Delivered,10/12/2021,3,2.65,182569295,2.65,1,0.49,0.1,Pick-up Point,0,0,'51.25,7/23/2020,Journal,Apple Pay
10/9/2021,10/9/2021,Delivered,10/11/2021,2,3.87,251169005,3.87,1,0.51,0.1,Courier,0,0,'68.75,4/7/2021,Stationary,Card
10/9/2021,10/10/2021,Delivered,10/19/2021,10,2.65,182569295,2.65,1,0.49,0.1,Pick-up Point,0,0,'51.25,7/23/2020,Journal,Card
10/8/2021,10/9/2021,Delivered,10/12/2021,4,11.60,251169005,3.87,3,0.51,0.2,Pick-up Point,1,0,'68.75,4/7/2021,Stationary,Card
10/8/2021,10/8/2021,Delivered,10/10/2021,2,13.13,198486522,13.13,1,0.27,0.7,Pick-up Point,1,0,'46.25,9/26/2020,Paper,Card
10/8/2021,10/8/2021,Delivered,10/9/2021,1,13.13,198486522,13.13,1,0.27,0.7,Pick-up Point,0,0,'46.25,9/26/2020,Paper,Card
10/8/2021,10/8/2021,Delivered,10/11/2021,3,2.65,182569295,2.65,1,0.49,0.1,Pick-up Point,0,0,'51.25,7/23/2020,Journal,Card
10/8/2021,10/8/2021,Delivered,10/11/2021,3,5.31,182569295,2.65,2,0.49,0.3,Pick-up Point,0,0,'51.25,7/23/2020,Journal,Card
10/8/2021,10/8/2021,Delivered,10/9/2021,1,3.87,251169005,3.87,1,0.51,0.1,Courier,0,0,'68.75,4/7/2021,Stationary,Card
10/6/2021,10/7/2021,Delivered,10/10/2021,4,3.99,249846004,3.99,1,0.32,0.2,Pick-up Point,0,0,'45,4/4/2021,Paper,Card
10/6/2021,10/7/2021,Cancelled,,-44476,3.99,249846004,3.99,1,0.32,0.2,Pick-up Point,0,0,'45,4/4/2021,Paper,Card
10/6/2021,10/6/2021,Delivered,10/11/2021,5,4.40,241909946,4.40,1,0.45,0.3,Pick-up Point,0,0,'5,3/16/2021,House & Garden,Google Pay
10/6/2021,10/6/2021,Cancelled,,-44475,3.99,249846004,3.99,1,0.32,0.2,Pick-up Point,0,0,'45,4/4/2021,Paper,Card
10/5/2021,10/6/2021,Delivered,10/9/2021,4,3.96,290998918,3.96,1,0.39,0.1,Pick-up Point,0,0,'36.25,6/3/2021,Study,Card
10/5/2021,10/6/2021,Delivered,10/10/2021,5,4.47,298265922,4.47,1,0.32,0.1,Pick-up Point,0,0,'25,6/22/2021,Study,Credit
10/5/2021,10/6/2021,Delivered,10/9/2021,4,4.40,241909946,4.40,1,0.45,0.3,Pick-up Point,0,0,'5,3/16/2021,House & Garden,Card
10/5/2021,10/6/2021,Delivered,10/7/2021,2,4.40,241909946,4.40,1,0.45,0.3,Pick-up Point,0,0,'5,3/16/2021,House & Garden,Card
10/5/2021,10/6/2021,Cancelled,,-44474,4.40,241909946,4.40,1,0.45,0.3,Pick-up Point,1,0,'5,3/16/2021,House & Garden,Card
10/4/2021,10/6/2021,Delivered,10/7/2021,3,8.80,241909946,4.40,2,0.45,0.7,Pick-up Point,0,0,'5,3/16/2021,House & Garden,Card
10/4/2021,10/5/2021,Delivered,10/7/2021,3,3.99,249846004,3.99,1,0.32,0.2,Pick-up Point,0,0,'45,4/4/2021,Paper,Card
10/4/2021,10/4/2021,Delivered,10/5/2021,1,3.99,249846004,3.99,1,0.32,0.2,Pick-up Point,0,0,'45,4/4/2021,Paper,Card
10/3/2021,10/4/2021,Delivered,10/8/2021,5,3.87,251169005,3.87,1,0.51,0.1,Pick-up Point,0,0,'68.75,4/7/2021,Stationary,Card
10/3/2021,10/6/2021,Delivered,10/7/2021,4,3.87,251169005,3.87,1,0.51,0.1,Courier,0,0,'68.75,4/7/2021,Stationary,Card
10/3/2021,10/4/2021,Delivered,10/5/2021,2,3.87,251169005,3.87,1,0.51,0.1,Pick-up Point,0,0,'68.75,4/7/2021,Stationary,Card
10/2/2021,10/3/2021,Delivered,10/4/2021,2,4.47,291090282,4.47,1,0.32,0.1,Pick-up Point,0,0,'31.25,6/3/2021,Study,Card
10/2/2021,10/3/2021,Delivered,10/4/2021,2,3.87,251169005,3.87,1,0.51,0.1,Pick-up Point,0,0,'68.75,4/7/2021,Stationary,Card
10/2/2021,10/3/2021,Delivered,10/5/2021,3,11.73,249919188,5.87,2,0.27,0.4,Pick-up Point,0,0,'40,4/4/2021,Paper,Apple Pay
10/2/2021,10/5/2021,Delivered,10/6/2021,4,3.87,251169005,3.87,1,0.51,0.1,Courier,1,0,'68.75,4/7/2021,Stationary,Card
10/2/2021,10/2/2021,Delivered,10/6/2021,4,7.33,191684958,7.33,1,0.35,0.2,Pick-up Point,0,0,'61.25,8/30/2020,Stationary,Card
10/2/2021,10/2/2021,Delivered,10/6/2021,4,3.87,251169005,3.87,1,0.51,0.1,Pick-up Point,0,0,'68.75,4/7/2021,Stationary,Card
10/1/2021,10/2/2021,Delivered,10/3/2021,1,3.87,251169005,3.87,1,0.51,0.1,Pick-up Point,0,0,'68.75,4/7/2021,Stationary,Card
10/1/2021,10/3/2021,Delivered,10/5/2021,4,3.87,251169005,3.87,1,0.51,0.1,Courier,0,0,'68.75,4/7/2021,Stationary,Apple Pay
10/1/2021,10/3/2021,Delivered,10/3/2021,2,3.87,251169005,3.87,1,0.51,0.1,Courier,1,0,'68.75,4/7/2021,Stationary,Card
10/1/2021,10/2/2021,Delivered,10/4/2021,3,3.87,251169005,3.87,1,0.51,0.1,Pick-up Point,0,0,'68.75,4/7/2021,Stationary,Card
10/1/2021,10/1/2021,Delivered,10/2/2021,1,3.87,251169005,3.87,1,0.51,0.1,Pick-up Point,0,0,'68.75,4/7/2021,Stationary,Card
10/1/2021,10/1/2021,Delivered,10/3/2021,2,3.87,251169005,3.87,1,0.51,0.1,Pick-up box,1,0,'68.75,4/7/2021,Stationary,Card
10/1/2021,10/2/2021,Delivered,10/3/2021,2,4.47,298265922,4.47,1,0.32,0.1,Pick-up Point,0,0,'25,6/22/2021,Study,Card
10/1/2021,10/2/2021,Delivered,10/4/2021,3,3.99,249846004,3.99,1,0.32,0.2,Pick-up Point,0,0,'45,4/4/2021,Paper,Card
10/1/2021,10/2/2021,Delivered,10/4/2021,3,7.33,191684958,7.33,1,0.35,0.2,Pick-up Point,0,0,'61.25,8/30/2020,Stationary,Card
9/30/2021,10/1/2021,Delivered,10/3/2021,3,3.87,251169005,3.87,1,0.51,0.1,Pick-up Point,0,0,'68.75,4/7/2021,Stationary,Card
9/30/2021,10/1/2021,Delivered,10/19/2021,19,3.87,251169005,3.87,1,0.51,0.1,Pick-up box,0,0,'68.75,4/7/2021,Stationary,Card
9/30/2021,10/1/2021,Delivered,10/3/2021,3,3.87,251169005,3.87,1,0.51,0.1,Pick-up Point,0,0,'68.75,4/7/2021,Stationary,Google Pay
9/30/2021,9/30/2021,Delivered,10/3/2021,3,3.87,251169005,3.87,1,0.51,0.1,Pick-up Point,0,0,'68.75,4/7/2021,Stationary,Card
9/29/2021,9/29/2021,Delivered,10/4/2021,5,2.65,182569295,2.65,1,0.49,0.1,Pick-up Point,0,0,'51.25,7/23/2020,Journal,Apple Pay
9/29/2021,9/29/2021,Delivered,9/30/2021,1,2.65,182569295,2.65,1,0.49,0.1,Pick-up Point,0,0,'51.25,7/23/2020,Journal,Card
9/29/2021,9/29/2021,Delivered,10/2/2021,3,5.31,182569295,2.65,2,0.49,0.3,Pick-up Point,0,0,'51.25,7/23/2020,Journal,Google Pay
9/29/2021,9/29/2021,Delivered,9/30/2021,1,7.33,191684958,7.33,1,0.35,0.2,Courier,0,0,'61.25,8/30/2020,Stationary,Apple Pay
9/29/2021,9/30/2021,Delivered,10/5/2021,6,7.33,191684958,7.33,1,0.35,0.2,Pick-up Point,0,0,'61.25,8/30/2020,Stationary,Apple Pay
9/29/2021,9/30/2021,Cancelled,,-44468,7.33,191684958,7.33,1,0.35,0.2,Pick-up Point,0,0,'61.25,8/30/2020,Stationary,Apple Pay
9/29/2021,9/30/2021,Delivered,10/2/2021,3,3.87,251169005,3.87,1,0.51,0.1,Pick-up Point,0,0,'68.75,4/7/2021,Stationary,Card
9/29/2021,9/30/2021,Delivered,10/1/2021,2,7.33,191684958,7.33,1,0.35,0.2,Pick-up Point,0,0,'61.25,8/30/2020,Stationary,Card
9/28/2021,9/29/2021,Delivered,10/7/2021,9,2.65,182569295,2.65,1,0.49,0.1,Pick-up Point,0,0,'51.25,7/23/2020,Journal,Card
9/28/2021,9/29/2021,Delivered,10/1/2021,3,2.65,182569295,2.65,1,0.49,0.1,Pick-up Point,0,0,'51.25,7/23/2020,Journal,Card
9/28/2021,9/29/2021,Cancelled,,-44468,2.65,182569295,2.65,1,0.49,0.1,Pick-up Point,0,0,'51.25,7/23/2020,Journal,Card
9/28/2021,9/28/2021,Delivered,9/30/2021,2,7.32,191684958,7.32,1,0.35,0.2,Pick-up Point,0,0,'61.25,8/30/2020,Stationary,Card
9/28/2021,9/28/2021,Delivered,9/29/2021,1,2.65,182569295,2.65,1,0.49,0.1,Pick-up Point,0,0,'51.25,7/23/2020,Journal,Card
9/28/2021,9/28/2021,Delivered,9/29/2021,1,2.65,182569295,2.65,1,0.49,0.1,Pick-up Point,0,0,'51.25,7/23/2020,Journal,Apple Pay
9/28/2021,9/29/2021,Delivered,9/30/2021,2,3.87,251169005,3.87,1,0.51,0.1,Pick-up Point,0,0,'68.75,4/7/2021,Stationary,Apple Pay
9/27/2021,9/28/2021,Delivered,10/3/2021,6,3.96,290998918,3.96,1,0.39,0.1,Pick-up Point,0,0,'36.25,6/3/2021,Study,Card
9/27/2021,9/29/2021,Delivered,9/30/2021,3,3.87,251169005,3.87,1,0.51,0.1,Pick-up Point,0,0,'68.75,4/7/2021,Stationary,Google Pay
9/27/2021,9/28/2021,Delivered,10/1/2021,4,3.87,251169005,3.87,1,0.51,0.1,Pick-up Point,0,0,'68.75,4/7/2021,Stationary,Apple Pay
9/27/2021,9/28/2021,Delivered,9/29/2021,2,2.65,182569295,2.65,1,0.49,0.1,Pick-up Point,0,0,'51.25,7/23/2020,Journal,Google Pay
9/27/2021,9/27/2021,Delivered,9/30/2021,3,2.65,182569295,2.65,1,0.49,0.1,Pick-up Point,0,0,'51.25,7/23/2020,Journal,Card
9/27/2021,9/28/2021,Delivered,10/1/2021,4,7.32,191684958,7.32,1,0.35,0.2,Pick-up Point,0,0,'61.25,8/30/2020,Stationary,Card
9/27/2021,9/29/2021,Delivered,9/29/2021,2,7.32,191684958,7.32,1,0.35,0.2,Courier,1,0,'61.25,8/30/2020,Stationary,Apple Pay
9/26/2021,9/27/2021,Delivered,10/1/2021,5,7.32,191684958,7.32,1,0.35,0.2,Pick-up Point,0,0,'61.25,8/30/2020,Stationary,Card
